"","X","Probe_id","Search_key","Gene_symbol","Probe_sequence","Probe_length","Probe_type","Lumi_id","Genomic_location","Original_genomic_annotation","Original_genomic_match","UCSC_genomic_annotation","UCSC_genomic_match","Cytoband","Repeat_Mask","Nr_nuc_RMasked","CpG_islands","SNPs","miRNAs","Other_genomic_matches","Genomic_match_scheme","Genomic_match_length","Genomic_match_._similarity","Genomic_match_overall_._similarity","Genomic_2nd_matches","Genomic_2nd_match_scheme","Genomic_2nd_match_length","Genomic_2nd_match_._similarity","Genomic_2nd_match_overall_._similarity","RefSeq_transcripts","Proportion_RefSeq_transcripts","UCSC_transcripts","Proportion_UCSC_transcripts","GenBank_transcripts","Proportion_GenBank_transcripts","Exons","Ensembl_transcripts","Proportion_Ensembl_transcripts","Original_transcriptomic_annotation","Original_transcriptomic_match","GIs","Original_GI","Original_GI_match","CCDSs","Proteins","Original_protein","Original_protein_match","SwissProts","Ensembl_transcriptomic_annotation","Ensembl_transcriptomic_match","Lumi_transcriptomic_annotation","Lumi_transcriptomic_match","Splice_junction","Transcriptomic_match_scheme","Transcriptomic_match_length","Transcriptomic_match_._similarity","Transcriptomic_match_overall_._similarity","Transcriptomic_2nd_matches","Transcriptomic_2nd_match_scheme","Transcriptomic_2nd_match_length","Transcriptomic_2nd_match_._similarity","Transcriptomic_2nd_match_overall_._similarity","Gene_synonyms","Ensembl_gene_id","Unigene_219_id","Original_Unigene","Original_Unigene_match","Entrez","Original_Entrez","Original_Entrez_match","Gene_description","Original_genic_annotation","Original_genic_match","Other_gene_ids","X2nd_match_gene_ids","Unique_transcriptomic","Coding_zone","Perfect_match","GC_contents_.","SNP_number","Quality_score","Quality_comments","Species_0","Source_0","Search_Key_0","Transcript_0","ILMN_Gene_0","Source_Reference_ID_0","RefSeq_ID_0","Unigene_ID_0","Entrez_Gene_ID_0","GI_0","Accession_0","Symbol_0","Protein_Product_0","Probe_Id_0","Array_Address_Id_0","Probe_Type_0","Probe_Start_0","Probe_Sequence_0","Chromosome_0","Probe_Chr_Orientation_0","Probe_Coordinates_0","Cytoband_0","Definition_0","Synonyms_0","Obsolete_Probe_Id_0","ProbeId","ERbinding","LE60_slope","GT60_slope","AllAges_slope","LE60_pval","GT60_pval","AllAges_pval","AgeDependentp","LE60_BHadj_pval","GT60_BHadj_pval","AllAges_BHadj_pval","BHadj_and_AgeDependentp","BHadj_signifp","LE60_log2FC","GT60_log2FC","AllAges_log2FC","Best_log2FC","Best_BHadj_pval","Abs_Best_log2FC","Abs_FoldChange","FoldChange_Direction","arGeneSet_LE60_BHadj_pval","arGeneSet_GT60_BHadj_pval","arGeneSet_AllAges_BHadj_pval","arGeneSet_BHadj_and_AgeDependentp","arGeneSet_PBHadj","arGeneSetidxp","Chrcr","Chrc","Chrn","CHR","Startcr","Stopcr","Startn","Stopn","BP","SNP","P","PBHadj"
"8164",8164,"ILMN_1715684","ILMN_1092","LAMB3","ACAGCTTCCAGCCCGTTGCCCCACTCATCTGCCGCCTTTGCTTTTGGTTG",50,"RefSeq_A","BEn1JW_VR03ll.n.r4","chr1:207855185:207855234:-","chr1:207855184:207855233:-","No","chr1:207855185:207855234:-","Yes","1q32.2","",0,"","","","","1-50 ||||||||||||||||||||||||||||||||||||||||||||||||||",50,100,100,"","",NA,NA,NA,"NM_001017402 NM_000228","2 of 3 (LAMB3)","uc001hhh.1 uc001hhg.1","2 of 4 (LAMB3)","D37766 BC075838 BC058922","3 of 317 (LAMB3)","1 1 X X X 1 1","ENST00000367030 ENST00000391911 ENST00000356082","3 of 3 (ENSG00000196878)","NM_000228","Yes","62868216 62868214 2429078 49903713 37589133",62868214,"Yes","CCDS1487.1","NP_001017402.1 NP_000219.2   ","NP_000219.2","Yes","Q13751 Q13751 Q13751 Q13751",NA,NA,"NM_000228","Yes","No","1-50 ||||||||||||||||||||||||||||||||||||||||||||||||||",50,100,100,"L25541","6-50 |||||||||||||||||||||||||||   |||||||||||||||",45,93.3333333333333,84,"","ENSG00000196878","Hs.497636","","",3914,3914,"Yes","Laminin, beta 3","LAMB3","Yes","","","Yes","3pUTR","Yes",58,0,"Perfect","","Homo sapiens","RefSeq","ILMN_1092","ILMN_1092","LAMB3","NM_000228.2","NM_000228.2","",3914,62868214,"NM_000228.2","LAMB3","NP_000219.2","ILMN_1715684",730040,"A",3668,"ACAGCTTCCAGCCCGTTGCCCCACTCATCTGCCGCCTTTGCTTTTGGTTG","1","-","207855184-207855233","1q32.2b","Homo sapiens laminin, beta 3 (LAMB3), transcript variant 1, mRNA.","LAMNB1","LAMNB1","ILMN_1715684",FALSE,-0.0180600896895529,-0.0201707707734307,-0.0214094031206016,0.0780464791208768,0.104681766681297,1.88843802268596e-05,NA,0.969794398544071,0.998824628198616,0.0473210472078043,TRUE,TRUE,-0.632103139134352,-0.705976977070073,-1.49865821844211,-1.49865821844211,0.0473210472078043,1.49865821844211,2.82579776305965,"Down",NA,NA,NA,NA,NA,FALSE,"chr1","chr1",1,1,"207855185","207855234",207855185,207855234,207855209,"ILMN_1715684",1.88843802268596e-05,0.0473210472078043
"8200",8200,"ILMN_1778087","ILMN_2382","ANXA8L2","CATCCTTCAGCAGCTGAGAAATGAACACGAATCCATCCCAACCGAGATGC",50,"RefSeq_S","xTX0kniA4EYNTVBYjk","chr10:47232690:47232739:+","chr10:47232690:47232739:+","Yes","chr10:47232690:47232739:+,chr10:47891018:47891067:+","No","10q11.22","",0,"","","","chr10:46578297:46578346:- chr10:47891018:47891067:+","1-50 ||||||||||||||||||||| ||||||||||||||||||||||||||||",50,98,98,"","",NA,NA,NA,"NM_001630 NM_001040084 NM_001098845","1 of 1 (ANXA8L2)","uc001jev.1 uc001jen.1 uc001jem.1 uc001jeh.1","2 of 3 (ANXA8L1)","X16662 BC008813 AK223149 BU675268*","3 of 422 (ANXA8L2)","12 1 1 X 9 X X 1 9 2 X","ENST00000357718 ENST00000344416 ENST00000340243 ENST00000374277 ENST00000359178 ENST00000358140","2 of 2 (ENSG00000165390)","NM_001630","Yes","91807121 91823261 149588957 37638 33873954 62897858",4502112,"No","CCDS7216.1 CCDS31194.1 CCDS41511.1","NP_001621.2 NP_001035173.1 NP_001092315.1   ","NP_001621.1","Yes","Q5VT79 P13928 Q5T2P8 P13928 Q5VT79 Q5VT79",NA,NA,"NM_001040084","Yes","No","1-50 ||||||||||||||||||||||||||||||||||||||||||||||||||",50,100,100,"M81844 BC073755 BC004376","1-50 ||||||||||||||||||||| ||||||||||||||||||||||||||||",50,98,98,"","ENSG00000165390","Hs.705389","","",244,244,"Yes","Annexin A8-like 2","ANXA8","Yes","ANXA8","","Yes","3pUTR","No",50,0,"Good****","* Transcript match to reverse strand | **** Check this probe manually, mismatches for transcript alignment with the genome","Homo sapiens","RefSeq","ILMN_2382","ILMN_2382","ANXA8","NM_001630.1","NM_001630.1","",244,4502112,"NM_001630.1","ANXA8","NP_001621.1","ILMN_1778087",1400711,"S",1586,"CATCCTTCAGCAGCTGAGAAATGAACACGAATCCATCCCAACCGAGATGC","10","+","47232690-47232739","10q11.22b","Homo sapiens annexin A8 (ANXA8), mRNA.","ANXA8L2; FLJ32754; ANX8; VAC beta","ANXA8L2; FLJ32754; ANX8; VAC beta","ILMN_1778087",FALSE,-0.0315755766526235,-0.0215483520819097,-0.0258037658901631,0.00324968337339983,0.168489549823383,3.33741083920007e-06,NA,0.969794398544071,0.998824628198616,0.0315435981828545,TRUE,TRUE,-1.10514518284182,-0.754192322866841,-1.80626361231142,-1.80626361231142,0.0315435981828545,1.80626361231142,3.49735346713766,"Down",NA,NA,NA,NA,NA,FALSE,"chr10","chr10",10,10,"47232690","47232739",47232690,47232739,47232714,"ILMN_1778087",3.33741083920007e-06,0.0315435981828545
"11785",11785,"ILMN_1676822","ILMN_7408","DQ895626","CGGAGCCCCTACGGCTTTAGGCATGGAGCCAGCGTCAACTACGATGACTA",50,"RefSeq_S","faJVxp.KTolJtBxjhw","chr2:106060761:106060810:+","chr2:106060761:106060810:+","Yes","chr2:106060761:106060810:+","Yes","2q12.2","",0,"","","","","1-50 ||||||||||||||||||||||||||||||||||||||||||||||||||",50,100,100,"","",NA,NA,NA,"NM_032411","1 of 1 (C2orf40)","uc002tdj.1","1 of  ()","DQ895626 DQ892412 BC021742 AY358601 AF325503","1 of 1 (DQ895626)","X X 4 4 4 4 4","ENST00000238044 ENST00000409944","2 of 2 (ENSG00000119147)","NM_032411","Yes","188595703 18204373 37182323 11991655",14165275,"No","CCDS2072.1","NP_115787.1   ","NP_115787.1","Yes","Q9H1Z8 Q9H1Z8 Q9H1Z8 Q9H1Z8",NA,NA,"NM_032411","Yes","No","1-50 ||||||||||||||||||||||||||||||||||||||||||||||||||",50,100,100,"","",NA,NA,NA,"DQ892412 C2orf40","ENSG00000119147","Hs.43125","","",84417,84417,"Yes","","C2orf40","Yes","","","Yes","CDS","Yes",58,0,"Perfect","","Homo sapiens","RefSeq","ILMN_7408","ILMN_7408","C2ORF40","NM_032411.1","NM_032411.1","",84417,14165275,"NM_032411.1","C2orf40","NP_115787.1","ILMN_1676822",3140113,"S",502,"CGGAGCCCCTACGGCTTTAGGCATGGAGCCAGCGTCAACTACGATGACTA","2","+","106060761-106060810","2q12.2b","Homo sapiens chromosome 2 open reading frame 40 (C2orf40), mRNA.","ECRG4","ECRG4","ILMN_1676822",FALSE,-0.0315025917673592,-0.0131093627808437,-0.0358816007427722,0.0843616790555442,0.367685538271519,1.25064984802455e-05,NA,0.969794398544071,0.998824628198616,0.0406903096887613,TRUE,TRUE,-1.10259071185757,-0.458827697329529,-2.51171205199405,-2.51171205199405,0.0406903096887613,2.51171205199405,5.70296449918478,"Down",NA,NA,NA,NA,NA,FALSE,"chr2","chr2",2,2,"106060761","106060810",106060761,106060810,106060785,"ILMN_1676822",1.25064984802455e-05,0.0406903096887613
"14591",14591,"ILMN_2332267","ILMN_179145","CSNK1G3","GTCACTGCCCAGAGGTACTGAGGAAAAAGCAATATGGGTTCGGCAGATGG",50,"RefSeq_A","otHlSKx4oAJDOr2kjo","chr5:122978565:122978614:+","chr5:122978565:122978614:+","Yes","chr5:122978565:122978614:+","Yes","5q23.2","",0,"","","","","1-50 ||||||||||||||||||||||||||||||||||||||||||||||||||",50,100,100,"","",NA,NA,NA,"NM_001044723 NM_001031812 NM_001044722 NM_004384","4 of 4 (CSNK1G3)","uc003kto.1 uc003ktn.1 uc003ktm.1 uc003ktl.1","4 of 5 (CSNK1G3)","BC047567 BC020649","1 of 265 (CSNK1G3)","14 13 12 13 X X X X 13 2","ENST00000361991 ENST00000360683 ENST00000345990 ENST00000395411 ENST00000395412","5 of 5 (ENSG00000151292)","NM_001044722","Yes","113462009 113462006 113462007 113462011 28837292",113462007,"Yes","CCDS43355.1 CCDS34218.1 CCDS4135.1","NP_001038188.1 NP_001026982.1 NP_001038187.1 NP_004375.2 ","NP_001038187.1","Yes","Q9Y6M4 Q9Y6M4 Q9Y6M4 Q9Y6M4 Q9Y6M4",NA,NA,"NM_001031812","Yes","No","1-50 ||||||||||||||||||||||||||||||||||||||||||||||||||",50,100,100,"AF049090 AF049089","1-50 ||||||||||||||||||||||| ||||||||||||||||||||||||||",49,98,96.04,"BC020649","ENSG00000151292","Hs.129206","","",1456,1456,"Yes","Casein kinase 1, gamma 3","CSNK1G3","Yes","","","Yes","3pUTR","Yes",52,0,"Perfect","","Homo sapiens","RefSeq","ILMN_179145","ILMN_179145","CSNK1G3","NM_001044722.1","NM_001044722.1","",1456,113462007,"NM_001044722.1","CSNK1G3","NP_001038187.1","ILMN_2332267",5310630,"A",2543,"GTCACTGCCCAGAGGTACTGAGGAAAAAGCAATATGGGTTCGGCAGATGG","5","+","122978565-122978614","5q23.2b","Homo sapiens casein kinase 1, gamma 3 (CSNK1G3), transcript variant 3, mRNA.","","","ILMN_2332267",FALSE,0.00990659588295477,0.0304965317434581,0.0173714683681492,0.0605400862661885,0.00729671766711407,3.2639659016123e-07,NA,0.969794398544071,0.998824628198616,0.0159291327896385,TRUE,TRUE,0.346730855903417,1.06737861102104,1.21600278577044,1.21600278577044,0.0159291327896385,1.21600278577044,2.32302194948386,"Up",NA,NA,NA,NA,NA,FALSE,"chr5","chr5",5,5,"122978565","122978614",122978565,122978614,122978589,"ILMN_2332267",3.2639659016123e-07,0.0159291327896385
"16147",16147,"ILMN_1717855","ILMN_139184","PFDN1","CTTTTCCCTTCCTGTACCTTTGACTAACGCTCAGCTTCCGGGCCTGCATG",50,"RefSeq_S","cf9X17F.hwZ0n1qXk4","chr5:139605221:139605270:-","chr5:139605220:139605269:-","No","chr5:139605221:139605270:-","Yes","5q31.3","",0,"","","","","1-50 ||||||||||||||||||||||||||||||||||||||||||||||||||",50,100,100,"","",NA,NA,NA,"NM_002622","1 of 1 (PFDN1)","uc003lfh.1 uc003lfg.1 uc003lff.1 uc003lfe.1","1 of 1 (AX748200)","Y17392 BC011869 BC006202 BC003620 AK223394 AX748200 AK093558","6 of 644 (PFDN1)","1 1 1 1 1 X 1 1 1 1 1 1","ENST00000261813","1 of 1 (ENSG00000113068)","NM_002622","Yes","88999575 3212109 40225440 46255808 46255663 62898348 21752459",88999575,"Yes","CCDS4222.1","NP_002613.2      ","NP_002613.2","Yes","O60925 O60925 O60925 O60925 O60925 O60925",NA,NA,"NM_002622","Yes","No","1-50 ||||||||||||||||||||||||||||||||||||||||||||||||||",50,100,100,"","",NA,NA,NA,"AX748200","ENSG00000113068","Hs.483564","","",5201,5201,"Yes","Prefoldin subunit 1","PFDN1","Yes","","","Yes","3pUTR","Yes",54,0,"Perfect","","Homo sapiens","RefSeq","ILMN_139184","ILMN_32647","PFDN1","NM_002622.4","NM_002622.4","",5201,88999575,"NM_002622.4","PFDN1","NP_002613.2","ILMN_1717855",6180170,"S",873,"CTTTTCCCTTCCTGTACCTTTGACTAACGCTCAGCTTCCGGGCCTGCATG","5","-","139605220-139605269","5q31.3a","Homo sapiens prefoldin subunit 1 (PFDN1), mRNA.","PDF; PFD1","PDF; PFD1","ILMN_1717855",FALSE,0.0077584347191679,0.0184080519839966,0.0112439244073953,0.0934190567770449,0.0266640658392837,1.97330481045503e-05,NA,0.969794398544071,0.998824628198616,0.0473210472078043,TRUE,TRUE,0.271545215170876,0.64428181943988,0.787074708517672,0.787074708517672,0.0473210472078043,0.787074708517672,1.72557204379165,"Up",NA,NA,NA,NA,NA,FALSE,"chr5","chr5",5,5,"139605221","139605270",139605221,139605270,139605245,"ILMN_1717855",1.97330481045503e-05,0.0473210472078043
"19898",19898,"ILMN_1652024","ILMN_17895","CSNK1G3","CCTCCCATGCAGTCTCTTCGTTGTCTTTAAGTGTGTGCCTCCAGGCATGC",50,"RefSeq_A","9XVOS3fb7fwu7l1KTk","chr5:122979401:122979450:+","chr5:122979401:122979450:+","Yes","chr5:122979401:122979450:+","Yes","5q23.2","",0,"","","","","1-50 ||||||||||||||||||||||||||||||||||||||||||||||||||",50,100,100,"chr1:100062978:100063023:-","5-50 ||||||||||||||||||||||||||||||||||||||||||||||",46,100,92,"NM_001044723 NM_001031812 NM_001044722 NM_004384","4 of 4 (CSNK1G3)","uc003kto.1 uc003ktn.1 uc003ktm.1 uc003ktl.1","4 of 5 (CSNK1G3)","","0 of 265 (CSNK1G3)","14 13 12 13 X X X X","ENST00000360683 ENST00000345990 ENST00000395411 ENST00000395412","4 of 5 (ENSG00000151292)","NM_001031812","Yes","113462009 113462006 113462007 113462011",113462006,"Yes","CCDS43355.1 CCDS34218.1 CCDS4135.1","NP_001038188.1 NP_001026982.1 NP_001038187.1 NP_004375.2","NP_001026982.1","Yes","Q9Y6M4 Q9Y6M4 Q9Y6M4 Q9Y6M4",NA,NA,"NM_001031812","Yes","No","1-50 ||||||||||||||||||||||||||||||||||||||||||||||||||",50,100,100,"","",NA,NA,NA,"","ENSG00000151292","Hs.129206","","",1456,1456,"Yes","Casein kinase 1, gamma 3","CSNK1G3","Yes","","","Yes","3pUTR","Yes",54,0,"Perfect","","Homo sapiens","RefSeq","ILMN_17895","ILMN_17895","CSNK1G3","NM_001031812.2","NM_001031812.2","",1456,113462006,"NM_001031812.2","CSNK1G3","NP_001026982.1","ILMN_1652024",4210064,"A",3403,"CCTCCCATGCAGTCTCTTCGTTGTCTTTAAGTGTGTGCCTCCAGGCATGC","5","+","122979401-122979450","5q23.2b","Homo sapiens casein kinase 1, gamma 3 (CSNK1G3), transcript variant 2, mRNA.","","","ILMN_1652024",FALSE,0.00801479671255335,0.0339680378058885,0.0178910845881263,0.130247588906523,0.00697790111185708,8.75646195280137e-07,NA,0.969794398544071,0.998824628198616,0.0213670806341283,TRUE,TRUE,0.280517884939367,1.1888813232061,1.25237592116884,1.25237592116884,0.0213670806341283,1.25237592116884,2.38233437962962,"Up",NA,NA,NA,NA,NA,FALSE,"chr5","chr5",5,5,"122979401","122979450",122979401,122979450,122979425,"ILMN_1652024",8.75646195280137e-07,0.0213670806341283
"21355",21355,"ILMN_2318733","ILMN_6727","BNIP1","CTCCTGTTTCAGGATCTGTCCTGGTTCCTGAGCTCTAGGCTGCTAAGCTG",50,"RefSeq_A","xde.Sje169eJ3KecJ4","chr5:172523563:172523612:+","chr5:172523564:172523613:+","No","chr5:172523563:172523612:+","Yes","5q35.2","",0,"","","","","1-50 ||||||||||||||||||||||||||||||||||||||||||||||||||",50,100,100,"","",NA,NA,NA,"NM_013980 NM_001205 NM_013979 NM_013978","4 of 4 (BNIP1)","uc003mcl.1 uc003mck.1 uc003mcj.1 uc003mci.1","4 of  ()","U15172 BC010959 AF083958 AF083957 AF083956","5 of 166 (BNIP1)","6 6 7 5 X X X X X 6 X X X","ENST00000351486 ENST00000231668 ENST00000352523 ENST00000393770","4 of 4 (ENSG00000113734)","NM_013979","Yes","153946404 153946400 153946398 153946402 558841 15012106 3462884 3462882 3462880",7524349,"No","CCDS4386.1 CCDS4384.1 CCDS4385.1 CCDS43400.1","NP_053583.2 NP_001196.2 NP_053582.2 NP_053581.2     ","NP_053582.1","Yes","Q12981 Q12981 Q12981 Q12981 Q12981 Q12981 Q12981 Q12981 Q12981",NA,NA,"NM_001205","Yes","No","1-50 ||||||||||||||||||||||||||||||||||||||||||||||||||",50,100,100,"","",NA,NA,NA,"","ENSG00000113734","Hs.145726","","",662,662,"Yes","BCL2/adenovirus E1B 19kDa interacting protein 1","BNIP1","Yes","","","Yes","3pUTR","Yes",54,0,"Perfect","","Homo sapiens","RefSeq","ILMN_6727","ILMN_6727","BNIP1","NM_013979.1","NM_013979.1","",662,7524349,"NM_013979.1","BNIP1","NP_053582.1","ILMN_2318733",6420376,"A",859,"CTCCTGTTTCAGGATCTGTCCTGGTTCCTGAGCTCTAGGCTGCTAAGCTG","5","+","172523564-172523613","5q35.2a","Homo sapiens BCL2/adenovirus E1B 19kDa interacting protein 1 (BNIP1), transcript variant BNIP1-b, mRNA.","NIP1; TRG-8; SEC20","NIP1; TRG-8; SEC20","ILMN_2318733",FALSE,0.0137753515731865,0.0111407861463775,0.0139174202677745,0.0064744961509111,0.294633124336964,8.63456573492267e-06,NA,0.969794398544071,0.998824628198616,0.0351160592967859,TRUE,TRUE,0.482137305061528,0.389927515123213,0.974219418744213,0.974219418744213,0.0351160592967859,0.974219418744213,1.96457795945436,"Up",NA,NA,NA,NA,NA,FALSE,"chr5","chr5",5,5,"172523563","172523612",172523563,172523612,172523587,"ILMN_2318733",8.63456573492267e-06,0.0351160592967859
"22489",22489,"ILMN_1756071","ILMN_11368","MFGE8","GGGCCCTCATGCTGGCTTTTCACCCCAGAGGACACAGGCAGCTTCCAAAA",50,"RefSeq_S","9qV056f9FUihEpJ9QA","chr15:87242941:87242991:-","chr15:87242940:87242989:-","No","","","15q26.1","",0,"","","","","1-50 |||||||| ||||||||||||||||||||||||||||||||||||||||||",51,98.0392156862745,96.1168781237985,"","",NA,NA,NA,"NM_001114614 NM_005928","2 of 2 (MFGE8)","uc002bng.1","1 of  ()","U58516","1 of 1217 (MFGE8)","1 1 X X","ENST00000268150 ENST00000268151","2 of 2 (ENSG00000140545)","NM_005928","Yes","167830476 167830474 1381161",5174556,"No","CCDS10347.1","NP_001108086.1 NP_005919.2 ","NP_005919.1","Yes","Q08431 Q08431 Q08431",NA,NA,"NM_001114614","Yes","No","1-50 |||||||| ||||||||||||||||||||||||||||||||||||||||||",51,98.0392156862745,96.1168781237985,"uc002bnh.1 uc002bnf.1 BC003610 AY141974 AK095908 BX537974","1-50 |||||||| ||||||||||||||||||||||||||||||||||||||||||",51,98.0392156862745,96.1168781237985,"","ENSG00000140545","Hs.3745","","",4240,4240,"Yes","Milk fat globule-EGF factor 8 protein","MFGE8","Yes","","","Yes","3pUTR","No",58,0,"Good","","Homo sapiens","RefSeq","ILMN_11368","ILMN_11368","MFGE8","NM_005928.1","NM_005928.1","",4240,5174556,"NM_005928.1","MFGE8","NP_005919.1","ILMN_1756071",5560075,"S",1864,"GGGCCCTCATGCTGGCTTTTCACCCCAGAGGACACAGGCAGCTTCCAAAA","15","-","87242940-87242989","15q26.1a","Homo sapiens milk fat globule-EGF factor 8 protein (MFGE8), mRNA.","HsT19888; BA46; OAcGD3S; EDIL1","HsT19888; BA46; OAcGD3S; EDIL1","ILMN_1756071",FALSE,-0.0384431839355493,-0.0230762540183152,-0.0359578939705307,0.00974669076099353,0.300395354562661,4.42014907791606e-06,NA,0.969794398544071,0.998824628198616,0.0315435981828545,TRUE,TRUE,-1.34551143774422,-0.807668890641032,-2.51705257793715,-2.51705257793715,0.0315435981828545,2.51705257793715,5.72411468735073,"Down",NA,NA,NA,NA,NA,FALSE,"chr15","chr15",15,15,"87242941","87242991",87242941,87242991,87242966,"ILMN_1756071",4.42014907791606e-06,0.0315435981828545
"24561",24561,"ILMN_1758750","ILMN_8907","EARS2","GGAGCAAGTATCTGTTGGGCTATCTGAGGTCCTGCTACCATTCCTTGGCC",50,"RefSeq_S","QokLN76nN4rXnFPX6U","chr16:23441082:23441131:-","chr16:23441081:23441130:-","No","chr16:23441082:23441131:-","Yes","16p12.1","",0,"","","","","1-50 ||||||||||||||||||||||||||||||||||||||||||||||||||",50,100,100,"","",NA,NA,NA,"NM_001083614 NR_003501","2 of 2 (EARS2)","uc002dls.1 uc002dlr.1","2 of  ()","BX648129 AL832489  CF272416","2 of 379 (EARS2)","1 1 X X 1 1 X X","ENST00000341597","1 of 1 (ENSG00000103356)","NR_003501","Yes","134288883 34367288 21733057 33628328",134288910,"No","CCDS42132.1","NP_001077083.1   ","","","Q5JPH6 Q5JPH6",NA,NA,"NM_001083614","Yes","No","1-50 ||||||||||||||||||||||||||||||||||||||||||||||||||",50,100,100,"","",NA,NA,NA,"","ENSG00000103356","Hs.620541","","",124454,124454,"Yes","Glutamyl-tRNA synthetase 2, mitochondrial (putative)","EARS2","Yes","","","Yes","3pUTR","Yes",54,0,"Perfect","","Homo sapiens","RefSeq","ILMN_8907","ILMN_307889","EARS2","NR_003501.1","NR_003501.1","",124454,134288910,"NR_003501.1","EARS2","","ILMN_1758750",1170156,"S",3573,"GGAGCAAGTATCTGTTGGGCTATCTGAGGTCCTGCTACCATTCCTTGGCC","16","-","23441081-23441130","16p12.1c","Homo sapiens glutamyl-tRNA synthetase 2, mitochondrial (putative) (EARS2), transcript variant 2, transcribed RNA.","MSE1; KIAA1970","MSE1; KIAA1970","ILMN_1758750",FALSE,0.00810757941516663,0.0195474701976909,0.0143568447275974,0.139285793301557,0.0289037766922249,2.5001929304626e-06,NA,0.970037499406015,0.998824628198616,0.0305042288963416,TRUE,TRUE,0.283765279530832,0.684161456919182,1.00497913093182,1.00497913093182,0.0305042288963416,1.00497913093182,2.00691446611742,"Up",NA,NA,NA,NA,NA,FALSE,"chr16","chr16",16,16,"23441082","23441131",23441082,23441131,23441106,"ILMN_1758750",2.5001929304626e-06,0.0305042288963416
"27084",27084,"ILMN_2138435","ILMN_18202","MRPS27","CTAGCTCTAGCATGAAGCTTTTTTGGATTGGCTTCTCCATCGTGTTGGGG",50,"RefSeq_S","rcnck4J..o_n3U276o","chr5:71551475:71551524:-","chr5:71551474:71551523:-","No","chr5:71551475:71551524:-","Yes","5q13.2","",0,"","","","","1-50 ||||||||||||||||||||||||||||||||||||||||||||||||||",50,100,100,"","",NA,NA,NA,"NM_015084","1 of 1 (MRPS27)","uc003kca.1 uc003kbz.1","2 of  ()","D87453 BC064902 BC030521 BC003632 AK027001 AK025417 BC011818 AK128683","8 of 890 (MRPS27)","X X X 1 1 X 1 1 1 1 X","ENST00000261413","1 of 1 (ENSG00000113048)","NM_015084","Yes","186928849 1665794 40787804 34191003 38014601 10440002 10437925 15080075 34536184",16950608,"No","CCDS4013.1","NP_055899.2        ","NP_055899.1","Yes","Q92552 Q92552",NA,NA,"NM_015084","Yes","No","1-50 ||||||||||||||||||||||||||||||||||||||||||||||||||",50,100,100,"","",NA,NA,NA,"","ENSG00000113048","Hs.482491","","",23107,23107,"Yes","Mitochondrial ribosomal protein S27","MRPS27","Yes","","","Yes","3pUTR","Yes",48,0,"Perfect","","Homo sapiens","RefSeq","ILMN_18202","ILMN_18202","MRPS27","NM_015084.1","NM_015084.1","",23107,16950608,"NM_015084.1","MRPS27","NP_055899.1","ILMN_2138435",3190131,"S",2218,"CTAGCTCTAGCATGAAGCTTTTTTGGATTGGCTTCTCCATCGTGTTGGGG","5","-","71551474-71551523","5q13.2b","Homo sapiens mitochondrial ribosomal protein S27 (MRPS27), nuclear gene encoding mitochondrial protein, mRNA.","FLJ21764; KIAA0264; MRP-S27; FLJ23348","FLJ21764; KIAA0264; MRP-S27; FLJ23348","ILMN_2138435",FALSE,0.00698905920918182,0.0173733121819447,0.0146206020196245,0.232080479370676,0.106664917400049,2.03623136152263e-05,NA,0.970037499406015,0.998824628198616,0.0473210472078043,TRUE,TRUE,0.244617072321364,0.608065926368065,1.02344214137372,1.02344214137372,0.0473210472078043,1.02344214137372,2.0327631695258,"Up",NA,NA,NA,NA,NA,FALSE,"chr5","chr5",5,5,"71551475","71551524",71551475,71551524,71551499,"ILMN_2138435",2.03623136152263e-05,0.0473210472078043
"27643",27643,"ILMN_1721024","ILMN_15262","SRFBP1","CAGCAATTGCAGCTGCCTCTTCATCCTTCATGGGAAGCAAGCAGAAGGCG",50,"RefSeq_S","WSQ_SeXfTX06gkJIKY","chr5:121390610:121390659:+","chr5:121390610:121390659:+","Yes","chr5:121390610:121390659:+","Yes","5q23.1","",0,"","","","","1-50 ||||||||||||||||||||||||||||||||||||||||||||||||||",50,100,100,"","",NA,NA,NA,"NM_152546","1 of 1 (SRFBP1)","uc003kst.1","1 of 1 (SRFBP1)","BC031222 BC017102 AY611630 AK058015","4 of 74 (SRFBP1)","8 8 8 3 8 X","ENST00000339397","1 of 1 (ENSG00000151304)","NM_152546","Yes","103471994 21410698 16877731 119096937 16554013",22749138,"No","CCDS43354.1","NP_689759.2    ","NP_689759.1","Yes","Q8NEF9 Q8NEF9 Q8NEF9 Q8NEF9",NA,NA,"NM_152546","Yes","No","1-50 ||||||||||||||||||||||||||||||||||||||||||||||||||",50,100,100,"","",NA,NA,NA,"","ENSG00000151304","Hs.107622","","",153443,153443,"Yes","Serum response factor binding protein 1","SRFBP1","Yes","","","Yes","CDS","Yes",54,0,"Perfect","","Homo sapiens","RefSeq","ILMN_15262","ILMN_15262","SRFBP1","NM_152546.1","NM_152546.1","",153443,22749138,"NM_152546.1","SRFBP1","NP_689759.1","ILMN_1721024",2260176,"S",1252,"CAGCAATTGCAGCTGCCTCTTCATCCTTCATGGGAAGCAAGCAGAAGGCG","5","+","121390610-121390659","5q23.1e","Homo sapiens serum response factor binding protein 1 (SRFBP1), mRNA.","P49; FLJ25286; STRAP; p49/STRAP","P49; FLJ25286; STRAP; p49/STRAP","ILMN_1721024",FALSE,0.0120988797045672,0.0256462035992261,0.0144619577781284,0.0481964010419069,0.01409061947795,1.9105934562819e-05,NA,0.969794398544071,0.998824628198616,0.0473210472078043,TRUE,TRUE,0.423460789659853,0.897617125972912,1.01233704446899,1.01233704446899,0.0473210472078043,1.01233704446899,2.01717611029992,"Up",NA,NA,NA,NA,NA,FALSE,"chr5","chr5",5,5,"121390610","121390659",121390610,121390659,121390634,"ILMN_1721024",1.9105934562819e-05,0.0473210472078043
"28732",28732,"ILMN_1678535","ILMN_15142","ESR1","GCTGTGCACCCTAGAAACAACATATTGTCCCATGAGCAGGTGCCTGAGAC",50,"RefSeq_S","9nuRXIBBM_1TiSuXiE","chr6:152465684:152465733:+","chr6:152465685:152465734:+","No","chr6:152465684:152465733:+","Yes","6q25.1","",0,"","","","","1-50 ||||||||||||||||||||||||||||||||||||||||||||||||||",50,100,100,"","",NA,NA,NA,"NM_001122742 NM_001122741 NM_001122740 NM_000125","4 of 4 (ESR1)","uc003qoo.1","1 of  ()","","0 of 181 (ESR1)","10 9 9 8 X","ENST00000206249 ENST00000338799","2 of 5 (ENSG00000091831)","NM_000125","Yes","170295803 170295801 170295799 170295798",62821793,"No","CCDS5234.1","NP_001116214.1 NP_001116213.1 NP_001116212.1 NP_000116.2","NP_000116.2","Yes","P03372 P03372 P03372 P03372",NA,NA,"NM_000125","Yes","No","1-50 ||||||||||||||||||||||||||||||||||||||||||||||||||",50,100,100,"X03635","1-50 |||||||||||||||||||||||| ||||||||||||||||||||||||||",51,98.0392156862745,96.1168781237985,"","ENSG00000091831","Hs.208124","","",2099,2099,"Yes","Estrogen receptor 1","ESR1","Yes","","","Yes","3pUTR","Yes",52,0,"Perfect","","Homo sapiens","RefSeq","ILMN_15142","ILMN_15142","ESR1","NM_000125.2","NM_000125.2","",2099,62821793,"NM_000125.2","ESR1","NP_000116.2","ILMN_1678535",3360095,"S",6041,"GCTGTGCACCCTAGAAACAACATATTGTCCCATGAGCAGGTGCCTGAGAC","6","+","152465685-152465734","6q25.1c","Homo sapiens estrogen receptor 1 (ESR1), mRNA.","major ORF; ESR; Era; ER; NR3A1; ESRA; DKFZp686N23123","major ORF; ESR; Era; ER; NR3A1; ESRA; DKFZp686N23123","ILMN_1678535",TRUE,0.0440948586521955,0.0274667409699325,0.0608285230207655,0.103793484636648,0.364103247725734,4.52441832018486e-06,NA,0.969794398544071,0.998824628198616,0.0315435981828545,TRUE,TRUE,1.54332005282684,0.961335933947636,4.25799661145358,4.25799661145358,0.0315435981828545,4.25799661145358,19.1330718093448,"Up",0.851562214279283,0.976719757926607,0.00157670590187531,TRUE,0.00157670590187531,TRUE,"chr6","chr6",6,6,"152465684","152465733",152465684,152465733,152465708,"ILMN_1678535",4.52441832018486e-06,0.0315435981828545
"29774",29774,"ILMN_1666502","ILMN_21033","SOBP","CAGGAAGAAGCCGCCCCTCCTCTGGGGCCATATTTTTCTGCTGGGTCACA",50,"RefSeq_S","KSggllXXeqUz.3nq0Q","chr6:108087919:108087968:+","chr6:108087919:108087968:+","Yes","chr6:108087919:108087968:+","Yes","6q21","",0,"","","","","1-50 ||||||||||||||||||||||||||||||||||||||||||||||||||",50,100,100,"","",NA,NA,NA,"NM_018013","1 of 1 (SOBP)","uc003prx.1","1 of 2 (SOBP)","AA127218*","0 of 186 (SOBP)","7 X X","ENST00000317357","1 of 3 (ENSG00000112320)","NM_018013","Yes","117938309",117938309,"Yes","CCDS43488.1","NP_060483.3","NP_060483.3","Yes","A7XYQ1",NA,NA,"NM_018013","Yes","No","1-50 ||||||||||||||||||||||||||||||||||||||||||||||||||",50,100,100,"","",NA,NA,NA,"","ENSG00000112320","Hs.445244","","",55084,55084,"Yes","Sine oculis binding protein homolog (Drosophila)","SOBP","Yes","","","Yes","3pUTR","Yes",58,0,"Perfect","* Transcript match to reverse strand","Homo sapiens","RefSeq","ILMN_21033","ILMN_167606","SOBP","NM_018013.3","NM_018013.3","",55084,117938309,"NM_018013.3","SOBP","NP_060483.3","ILMN_1666502",3830768,"S",4945,"CAGGAAGAAGCCGCCCCTCCTCTGGGGCCATATTTTTCTGCTGGGTCACA","6","+","108087919-108087968","6q21d","Homo sapiens sine oculis binding protein homolog (Drosophila) (SOBP), mRNA.","JXC1; FLJ10159","JXC1; FLJ10159","ILMN_1666502",FALSE,-0.0160694526158693,-0.0141942900874033,-0.00971438207897985,7.68455471319123e-05,0.0372204414251437,1.15951243276166e-05,NA,0.965999405658278,0.998824628198616,0.0404197751829052,TRUE,TRUE,-0.562430841555427,-0.496800153059115,-0.680006745528589,-0.680006745528589,0.0404197751829052,0.680006745528589,1.60214724623209,"Down",NA,NA,NA,NA,NA,FALSE,"chr6","chr6",6,6,"108087919","108087968",108087919,108087968,108087943,"ILMN_1666502",1.15951243276166e-05,0.0404197751829052
"31946",31946,"ILMN_2086470","ILMN_165232","PDGFRA","AACTGTGATAATCCCCACAGGCACATTAACTGTTGCACTTTTGAATGTCC",50,"RefSeq_S","rB7jDVRKRPB75H.g7U","chr4:54858919:54858968:+","chr4:54858919:54858968:+","Yes","chr4:54858919:54858968:+","Yes","4q12","AT_rich_Low_complexity_Low_complexity",1,"","","","","1-50 ||||||||||||||||||||||||||||||||||||||||||||||||||",50,100,100,"","",NA,NA,NA,"NM_006206","1 of 1 (PDGFRA)","uc003han.1 uc003haa.1","2 of 5 (PDGFRA)","M21574","1 of 335 (PDGFRA)","23 X 24 X","ENST00000257290","1 of 1 (ENSG00000134853)","NM_006206","Yes","172072625 189733",61699224,"No","CCDS3495.1","NP_006197.1 ","NP_006197.1","Yes","P16234 P16234",NA,NA,"NM_006206","Yes","No","1-50 ||||||||||||||||||||||||||||||||||||||||||||||||||",50,100,100,"","",NA,NA,NA,"","ENSG00000134853","Hs.74615","","",5156,5156,"Yes","Platelet-derived growth factor receptor, alpha polypeptide","PDGFRA","Yes","","","Yes","3pUTR","Yes",42,0,"Bad","","Homo sapiens","RefSeq","ILMN_165232","ILMN_165232","PDGFRA","NM_006206.3","NM_006206.3","",5156,61699224,"NM_006206.3","PDGFRA","NP_006197.1","ILMN_2086470",6940609,"S",6141,"AACTGTGATAATCCCCACAGGCACATTAACTGTTGCACTTTTGAATGTCC","4","+","54858919-54858968","4q12c","Homo sapiens platelet-derived growth factor receptor, alpha polypeptide (PDGFRA), mRNA.","PDGFR2; Rhe-PDGFRA; CD140A; MGC74795","PDGFR2; Rhe-PDGFRA; CD140A; MGC74795","ILMN_2086470",FALSE,-0.0287128617937824,-0.0152242176222639,-0.0282120076446314,0.0145592390966276,0.398831485049336,6.75248780246384e-06,NA,0.969794398544071,0.998824628198616,0.0351160592967859,TRUE,TRUE,-1.00495016278238,-0.532847616779237,-1.9748405351242,-1.9748405351242,0.0351160592967859,1.9748405351242,3.93084788321667,"Down",0.834136629257956,0.976719757926607,0.00157670590187531,TRUE,0.00157670590187531,TRUE,"chr4","chr4",4,4,"54858919","54858968",54858919,54858968,54858943,"ILMN_2086470",6.75248780246384e-06,0.0351160592967859
"35132",35132,"ILMN_1665571","ILMN_42674","FLJ33630","CGGAGCCGCGGGCGAGGTGCAAGCGGTCTTCTCTGTCTTCTTTATGGCCA",50,"RefSeq_S","BaJZqYrkJrfd7ffzpQ","chr5:127446561:127446576:-,chr5:127424802:127424835:-","chr5:127446561:127446575:-","No","chr5:127424802:127446576:-","No","5q23.3","",0,"chr5:127446493:127448411","","","chr5:127424802:127424837:-","15-50 ||||||||||||||||||||||||||||||||||||",36,100,72,"","",NA,NA,NA,"XM_001716471 NR_015360","2 of 1 (FLJ33630)","uc003kur.1 uc003kun.1","1 of 5 (FLJ33630)","AF088062 BX648677","2 of 131 (FLJ33630)","X 2-3 2-3 X 3-4 2-3","","","XM_932470","No","3523268 34367841",88984924,"No","","XP_001716523.1  ","XP_937563.1","No","",NA,NA,"NR_015360","Yes","Yes","1-50 ||||||||||||||||||||||||||||||||||||||||||||||||||",50,100,100,"uc003kuq.1 uc003kuo.1 BC036629 AK090949 AX746698 BM924242","15-50 ||||||||||||||||||||||||||||||||||||",36,100,72,"","","Hs.340623","","",644873,644869,"No","Hypothetical LOC644873","LOC644869","No","","AX746698","Yes","3pUTR","Yes",62,0,"Perfect****","**** Check this probe manually, mismatches for transcript alignment with the genome","Homo sapiens","RefSeq","ILMN_42674","ILMN_42674","LOC644869","XM_932470.1","XM_932470.1","",644869,88984924,"XM_932470.1","LOC644869","XP_937563.1","ILMN_1665571",1710202,"S",84,"CGGAGCCGCGGGCGAGGTGCAAGCGGTCTTCTCTGTCTTCTTTATGGCCA","5","-","127424801-127424808:127424809-127424835:127446561-127446575","","PREDICTED: Homo sapiens hypothetical protein LOC644869 (LOC644869), mRNA.","","","ILMN_1665571",TRUE,0.01237207786838,0.0304286169033559,0.0183059113994112,0.0499923445206715,0.0468863425739697,1.74616764901573e-05,NA,0.969794398544071,0.998824628198616,0.0473210472078043,TRUE,TRUE,0.433022725393301,1.06500159161746,1.28141379795878,1.28141379795878,0.0473210472078043,1.28141379795878,2.43077068450193,"Up",NA,NA,NA,NA,NA,FALSE,"chr5","chr5",5,5,"127446561","127446576",127446561,127446576,127446568,"ILMN_1665571",1.74616764901573e-05,0.0473210472078043
"37884",37884,"ILMN_1675701","ILMN_19681","FAM114A2","GCTCCCCCTCCCCAGGATGACACACTTCATGTCATAGCTGAACCCTACTC",50,"RefSeq_S","inVXVSjhEfTtMngVx0","chr5:153352030:153352079:-","chr5:153352029:153352078:-","No","chr5:153352030:153352079:-","Yes","5q33.2","",0,"","","","","1-50 ||||||||||||||||||||||||||||||||||||||||||||||||||",50,100,100,"","",NA,NA,NA,"NM_018691","1 of 1 (FAM114A2)","uc003lve.1 uc003lvd.1 uc003lvc.1 uc003lvb.1","4 of 4 (FAM114A2)","AK095446 AK024664 AF159700","3 of 291 (FAM114A2)","1 1 1 X 1 X 1 X","ENST00000351797","1 of 1 (ENSG00000055147)","NM_018691","Yes","93102374 21754702 10436997 8570640",93102374,"Yes","CCDS4323.1","NP_061161.2   ","NP_061161.2","Yes","Q9NRY5 Q9NRY5 Q9NRY5",NA,NA,"NM_018691","Yes","No","1-50 ||||||||||||||||||||||||||||||||||||||||||||||||||",50,100,100,"","",NA,NA,NA,"","ENSG00000055147","Hs.166551","","",10827,10827,"Yes","Family with sequence similarity 114, member A2","FAM114A2","Yes","","","Yes","3pUTR","Yes",56,0,"Perfect","","Homo sapiens","RefSeq","ILMN_19681","ILMN_19681","FAM114A2","NM_018691.2","NM_018691.2","",10827,93102374,"NM_018691.2","FAM114A2","NP_061161.2","ILMN_1675701",1450768,"S",2263,"GCTCCCCCTCCCCAGGATGACACACTTCATGTCATAGCTGAACCCTACTC","5","-","153352029-153352078","5q33.2b","Homo sapiens family with sequence similarity 114, member A2 (FAM114A2), mRNA.","FAM114A2; 133K02","FAM114A2; 133K02","ILMN_1675701",FALSE,0.0119036750720529,0.00935490776353862,0.0104949045581324,0.00381672236931633,0.204874370110458,6.54019401384897e-06,NA,0.969794398544071,0.998824628198616,0.0351160592967859,TRUE,TRUE,0.416628627521853,0.327421771723852,0.734643319069265,0.734643319069265,0.0351160592967859,0.734643319069265,1.66398602733592,"Up",NA,NA,NA,NA,NA,FALSE,"chr5","chr5",5,5,"153352030","153352079",153352030,153352079,153352054,"ILMN_1675701",6.54019401384897e-06,0.0351160592967859
"39937",39937,"ILMN_1717636","ILMN_26077","RGMA","CGGCCCCTCCCTCTCCCTGCTGGTTTTAGTTGGTCCCTATGTTGGAAGTA",50,"RefSeq_S","NaVdXdXnr.L61c76Cw","chr15:91387816:91387865:-","chr15:91387815:91387864:-","No","","","15q26.1","",0,"","","","","1-50 ||||||||||||||||||||||||||||||||||||||||||||||||||",50,100,100,"","",NA,NA,NA,"NM_020211","1 of 1 (RGMA)","uc002bss.1 uc002bsr.1 uc002bsq.1","2 of 2 (RGMA)","BC015886 AL390083 AK074980 AK074966 AK074910 AL136826 AK125047","7 of 249 (RGMA)","1 1 1 1 X X 1 X 1 1 X","ENST00000329082","1 of 1 (ENSG00000182175)","NM_020211","Yes","24308188 16198430 9368529 22760777 22760754 22760662 12053162 34531010",24308188,"Yes","","NP_064596.1       ","NP_064596.1","Yes","Q96B86 Q96B86 Q96B86 Q96B86 Q96B86 Q96B86 Q96B86",NA,NA,"NM_020211","Yes","No","1-50 ||||||||||||||||||||||||||||||||||||||||||||||||||",50,100,100,"AK125204","1-50 ||||||||||||||||||||||||||||||| ||||||||||||||||||",50,98,98,"DKFZp434D0727","ENSG00000182175","Hs.271277","","",56963,56963,"Yes","RGM domain family, member A","RGMA","Yes","","","Yes","3pUTR","Yes",56,0,"Perfect","","Homo sapiens","RefSeq","ILMN_26077","ILMN_26077","RGMA","NM_020211.1","NM_020211.1","",56963,24308188,"NM_020211.1","RGMA","NP_064596.1","ILMN_1717636",6020682,"S",2992,"CGGCCCCTCCCTCTCCCTGCTGGTTTTAGTTGGTCCCTATGTTGGAAGTA","15","-","91387815-91387864","15q26.1e","Homo sapiens RGM domain family, member A (RGMA), mRNA.","RGM","RGM","ILMN_1717636",FALSE,-0.0196206351826007,-0.0186739090536774,-0.030693492847033,0.201580863823076,0.111432214439989,9.69933554143471e-06,NA,0.970037499406015,0.998824628198616,0.0364120517252799,TRUE,TRUE,-0.686722231391025,-0.65358681687871,-2.14854449929231,-2.14854449929231,0.0364120517252799,2.14854449929231,4.43380247323785,"Down",NA,NA,NA,NA,NA,FALSE,"chr15","chr15",15,15,"91387816","91387865",91387816,91387865,91387840,"ILMN_1717636",9.69933554143471e-06,0.0364120517252799
"40604",40604,"ILMN_2179083","ILMN_9214","LOXL4","AGGCCACCATTCCTGCTTGATGGGGCTCTGATTTGCTCTTGCTCAAGTGG",50,"RefSeq_S","0KUU9efjqneP5350Lo","chr10:99997565:99997614:-","chr10:99997564:99997613:-","No","chr10:99997565:99997614:-","Yes","10q24.2","",0,"","","","","1-50 ||||||||||||||||||||||||||||||||||||||||||||||||||",50,100,100,"","",NA,NA,NA,"NM_032211","1 of 1 (LOXL4)","uc001kpa.1","1 of 1 (LOXL4)","BC007522 AK172781 AK025542 BC035470 BC013153","5 of 194 (LOXL4)","1 1 1 1 1 1 1","ENST00000260702","1 of 1 (ENSG00000138131)","NM_032211","Yes","67782348 14043078 47077770 10438090 22028374 15341930",67782348,"Yes","CCDS7473.1","NP_115587.6     ","NP_115587.6","Yes","Q96JB6 Q96JB6 Q96JB6",NA,NA,"NM_032211","Yes","No","1-50 ||||||||||||||||||||||||||||||||||||||||||||||||||",50,100,100,"","",NA,NA,NA,"","ENSG00000138131","Hs.306814","","",84171,84171,"Yes","Lysyl oxidase-like 4","LOXL4","Yes","","","Yes","3pUTR","Yes",54,0,"Perfect","","Homo sapiens","RefSeq","ILMN_9214","ILMN_9214","LOXL4","NM_032211.6","NM_032211.6","",84171,67782348,"NM_032211.6","LOXL4","NP_115587.6","ILMN_2179083",4150477,"S",3476,"AGGCCACCATTCCTGCTTGATGGGGCTCTGATTTGCTCTTGCTCAAGTGG","10","-","99997564-99997613","10q24.2a","Homo sapiens lysyl oxidase-like 4 (LOXL4), mRNA.","FLJ21889; LOXC","FLJ21889; LOXC","ILMN_2179083",FALSE,-0.0225078918916182,-0.027544287246952,-0.0265126115094882,0.0534183046015193,0.0274701870672355,1.73331667865438e-06,NA,0.969794398544071,0.998824628198616,0.0281970179561232,TRUE,TRUE,-0.787776216206636,-0.964050053643318,-1.85588280566417,-1.85588280566417,0.0281970179561232,1.85588280566417,3.61973179819228,"Down",NA,NA,NA,NA,NA,FALSE,"chr10","chr10",10,10,"99997565","99997614",99997565,99997614,99997589,"ILMN_2179083",1.73331667865438e-06,0.0281970179561232
"42243",42243,"ILMN_1803956","ILMN_12638","BOC","TCTGCAGTGGCAGGCGAGGCTGCAGGAGGCCCACAGATAAGCTGGCAAGA",50,"RefSeq_S","H3kukpinkopUSMJ6Qg","chr3:114488680:114488729:+","chr3:114488680:114488729:+","Yes","chr3:114488680:114488729:+","Yes","3q13.2","",0,"","","","","1-50 ||||||||||||||||||||||||||||||||||||||||||||||||||",50,100,100,"","",NA,NA,NA,"NM_033254","1 of 1 (BOC)","uc003eac.1 uc003eab.1 uc003dzz.1 uc003dzy.1 uc003dzx.1","5 of 8 (BOC)","BX647184 AY358328 AL133599 AK124247* AK074556 BC032071  CR936646*","1 of 1 (BX647184)","20 X 14 20 X 20 X 21 1 X X 9 X X","ENST00000273395 ENST00000355385","2 of 2 (ENSG00000144857)","NM_033254","Yes","38372928 37181774 6599204 21327793",38372928,"Yes","CCDS2971.1","NP_150279.1   ","NP_150279.1","Yes","Q9BWV1 Q9BWV1",NA,NA,"NM_033254","Yes","No","1-50 ||||||||||||||||||||||||||||||||||||||||||||||||||",50,100,100,"","",NA,NA,NA,"","ENSG00000144857","Hs.591318","","",91653,91653,"Yes","Boc homolog (mouse)","BOC","Yes","","","Yes","3pUTR","Yes",62,0,"Perfect","* Transcript match to reverse strand","Homo sapiens","RefSeq","ILMN_12638","ILMN_12638","BOC","NM_033254.2","NM_033254.2","",91653,38372928,"NM_033254.2","BOC","NP_150279.1","ILMN_1803956",7510113,"S",3965,"TCTGCAGTGGCAGGCGAGGCTGCAGGAGGCCCACAGATAAGCTGGCAAGA","3","+","114488680-114488729","3q13.2b","Homo sapiens Boc homolog (mouse) (BOC), mRNA.","","","ILMN_1803956",FALSE,-0.00722345080989707,-0.00705295906446981,-0.0113985677179348,0.164813897709159,0.238957361879275,8.55825238387313e-06,NA,0.970037499406015,0.998824628198616,0.0351160592967859,TRUE,TRUE,-0.252820778346397,-0.246853567256443,-0.797899740255436,-0.797899740255436,0.0351160592967859,0.797899740255436,1.73856829459662,"Down",NA,NA,NA,NA,NA,FALSE,"chr3","chr3",3,3,"114488680","114488729",114488680,114488729,114488704,"ILMN_1803956",8.55825238387313e-06,0.0351160592967859
"44749",44749,"ILMN_2388800","ILMN_3538","PPAP2B","CCATATGGATCAACCACATGCACATCCTTACTACAGAATCCGTCCTTTCA",50,"RefSeq_A","KUzo0FE5E18cSDW1.Q","chr1:56733441:56733490:-","chr1:56733440:56733489:-","No","chr1:56733441:56733490:-","Yes","1p32.2","",0,"","","","","1-50 ||||||||||||||||||||||||||||||||||||||||||||||||||",50,100,100,"","",NA,NA,NA,"NM_003713 NM_177414","2 of 2 (PPAP2B)","uc001cyj.1","1 of 1 (PPAP2B)"," AF480883","1 of 945 (PPAP2B)","1 1 X X 2","ENST00000371250 ENST00000294390","2 of 2 (ENSG00000162407)","NM_003713","Yes","29171739 29171741 29422122",29171739,"Yes","CCDS604.1","NP_003704.3 NP_803133.1 ","NP_003704.3","Yes","O14495 O14495 O14495",NA,NA,"NM_003713","Yes","No","1-50 ||||||||||||||||||||||||||||||||||||||||||||||||||",50,100,100,"","",NA,NA,NA,"","ENSG00000162407","Hs.405156","","",8613,8613,"Yes","Phosphatidic acid phosphatase type 2B","PPAP2B","Yes","","","Yes","3pUTR","Yes",44,0,"Perfect","","Homo sapiens","RefSeq","ILMN_3538","ILMN_3538","PPAP2B","NM_003713.3","NM_003713.3","",8613,29171739,"NM_003713.3","PPAP2B","NP_003704.3","ILMN_2388800",7050575,"A",2825,"CCATATGGATCAACCACATGCACATCCTTACTACAGAATCCGTCCTTTCA","1","-","56733440-56733489","1p32.2c","Homo sapiens phosphatidic acid phosphatase type 2B (PPAP2B), transcript variant 1, mRNA.","MGC15306; LPP3; Dri42; VCIP; PAP2-beta; PAP2-b; PAP-2b","VCIP; PAP2-beta; MGC15306; LPP3; PAP2-b; Dri42; PAP-2b","ILMN_2388800",TRUE,-0.0143841590304428,-0.0044033722654227,-0.0217024226833266,0.152247027124335,0.704357037064651,1.36002435976393e-05,NA,0.970037499406015,0.998824628198616,0.0414832930184743,TRUE,TRUE,-0.503445566065499,-0.154118029289794,-1.51916958783286,-1.51916958783286,0.0414832930184743,1.51916958783286,2.86626020790611,"Down",NA,NA,NA,NA,NA,FALSE,"chr1","chr1",1,1,"56733441","56733490",56733441,56733490,56733465,"ILMN_2388800",1.36002435976393e-05,0.0414832930184743
"48535",48535,"ILMN_1672405","ILMN_14545","TICAM2","GGTCAGCATGGGCATATGTAAAATGTCCTTTTCTGGTTGCCTCTCTATGC",50,"RefSeq_S","rrSTqTOwDtf96_Xdzk","chr5:114978004:114978051:-","chr5:114978001:114978050:-","No","chr5:114978004:114978053:-","No","5q22.3","",0,"","","","","3-50 ||||||||||||||||||||||||||||||||||||||||||||||||",48,100,96,"","",NA,NA,NA,"NM_181836","1 of 2 (TICAM2)","uc003krf.1","1 of 1 (TMED7)","AK074962","1 of 732 (TICAM2)","X X X","","","NM_181836","Yes","208431786 22760747",40255262,"No","CCDS4120.1","NP_861974.1 ","NP_861974.1","Yes","Q9Y3B3 Q9Y3B3",NA,NA,"NM_181836","Yes","No","1-50 ||||||||||||||||||||||||||||||||||||||||||||||||||",50,100,100,"BX453724*","3-50 |||||||||||||||||| |||||||||||||||||||||||||||||",48,97.9166666666667,94,"","","Hs.710895","","",353376,51014,"No","Toll-like receptor adaptor molecule 2","TMED7","No","","","","3pUTR","Yes",46,0,"Bad","* Transcript match to reverse strand","Homo sapiens","RefSeq","ILMN_14545","ILMN_14545","TMED7","NM_181836.3","NM_181836.3","",51014,40255262,"NM_181836.3","TMED7","NP_861974.1","ILMN_1672405",60037,"S",2636,"GGTCAGCATGGGCATATGTAAAATGTCCTTTTCTGGTTGCCTCTCTATGC","5","-","114978001-114978050","5q22.3b","Homo sapiens transmembrane emp24 protein transport domain containing 7 (TMED7), mRNA.","FLJ90481; CGI-109","FLJ90481; CGI-109","ILMN_1672405",FALSE,0.0128367521881988,0.0262628817092834,0.0186834898047354,0.0460680378331238,0.069874314024501,7.47625309057312e-06,NA,0.969794398544071,0.998824628198616,0.0351160592967859,TRUE,TRUE,0.449286326586959,0.919200859824918,1.30784428633148,1.30784428633148,0.0351160592967859,1.30784428633148,2.4757133573461,"Up",NA,NA,NA,NA,NA,FALSE,"chr5","chr5",5,5,"114978004","114978051",114978004,114978051,114978027,"ILMN_1672405",7.47625309057312e-06,0.0351160592967859
