"Probe_id","Search_key","Probe_sequence","Probe_length","Probe_type","Lumi_id","Genomic_location","Original_genomic_annotation","Original_genomic_match","UCSC_genomic_annotation","UCSC_genomic_match","Cytoband","Repeat_Mask","Nr_nuc_RMasked","CpG_islands","SNPs","miRNAs","Other_genomic_matches","Genomic_match_scheme","Genomic_match_length","Genomic_match_%_similarity","Genomic_match_overall_%_similarity","Genomic_2nd_matches","Genomic_2nd_match_scheme","Genomic_2nd_match_length","Genomic_2nd_match_%_similarity","Genomic_2nd_match_overall_%_similarity","RefSeq_transcripts","Proportion_RefSeq_transcripts","UCSC_transcripts","Proportion_UCSC_transcripts","GenBank_transcripts","Proportion_GenBank_transcripts","Exons","Ensembl_transcripts","Proportion_Ensembl_transcripts","Original_transcriptomic_annotation","Original_transcriptomic_match","GIs","Original_GI","Original_GI_match","CCDSs","Proteins","Original_protein","Original_protein_match","SwissProts","Ensembl_transcriptomic_annotation","Ensembl_transcriptomic_match","Lumi_transcriptomic_annotation","Lumi_transcriptomic_match","Splice_junction","Transcriptomic_match_scheme","Transcriptomic_match_length","Transcriptomic_match_%_similarity","Transcriptomic_match_overall_%_similarity","Transcriptomic_2nd_matches","Transcriptomic_2nd_match_scheme","Transcriptomic_2nd_match_length","Transcriptomic_2nd_match_%_similarity","Transcriptomic_2nd_match_overall_%_similarity","Gene_symbol","Gene_synonyms","Ensembl_gene_id","Unigene_219_id","Original_Unigene","Original_Unigene_match","Entrez","Original_Entrez","Original_Entrez_match","Gene_description","Original_genic_annotation","Original_genic_match","Other_gene_ids","2nd_match_gene_ids","Unique_transcriptomic","Coding_zone","Perfect_match","GC_contents_%","SNP_number","Quality_score","Quality_comments","Species_0","Source_0","Search_Key_0","Transcript_0","ILMN_Gene_0","Source_Reference_ID_0","RefSeq_ID_0","Unigene_ID_0","Entrez_Gene_ID_0","GI_0","Accession_0","Symbol_0","Protein_Product_0","Probe_Id_0","Array_Address_Id_0","Probe_Type_0","Probe_Start_0","Probe_Sequence_0","Chromosome_0","Probe_Chr_Orientation_0","Probe_Coordinates_0","Cytoband_0","Definition_0","Ontology_Component_0","Ontology_Process_0","Ontology_Function_0","Synonyms_0","Obsolete_Probe_Id_0","ProbeId","LE60_slope","GT60_slope","AllAges_slope","LE60_pval","GT60_pval","AllAges_pval","AgeDependentp","LE60_BHadj_pval","GT60_BHadj_pval","AllAges_BHadj_pval","BHadj_and_AgeDependentp","BHadj_signifp","LE60_log2FC","GT60_log2FC","AllAges_log2FC","Best_log2FC","Best_BHadj_pval","ERbinding","ERbinding_T1","ERbinding_T2"
"ILMN_2215640","ILMN_30319","AGTTCGATCTCATGTATGCCAAGCGGGCCTTTGTGCACTGGTACGTGGGC",50,"RefSeq_S","9L2N07OUJqX_5HrG6k","chr2:131956719:131956768:+","chr2:131956719:131956768:+","Yes","chr2:131956719:131956768:+","Yes","2q21.1",NA,0,NA,"rs35572760(24)",NA,NA,"1-50 ||||||||||||||||||||||||||||||||||||||||||||||||||",50,100,100,"chr13:18646127:18646175:-","1-49 |||||||||||||||||||||||||||||||||||||||||||||||||",49,100,98,"NM_080386","1 of 1 (TUBA3D)","uc002tsu.1","1 of  ()","BC057810 AK292253 AK093116 AX747933","3 of 57 (TUBA3D)","5 X 5 5 6 6","ENST00000410028 ENST00000409047 ENST00000321253","3 of 4 (ENSG00000075886)","NM_080386","Yes","156564362 34784745 158257937 21751883",58743305,"No","CCDS33290.1","NP_525125.2","NP_525125.1","Yes","Q13748 Q13748",NA,NA,"NM_080386","Yes","No","1-50 ||||||||||||||||||||||||||||||||||||||||||||||||||",50,100,100,"NM_006001 uc002tqv.1 L11645","1-49 |||||||||||||||||||||||||||||||||||||||||||||||||",49,100,98,"TUBA3D","AX747933","ENSG00000075886","Hs.503749",NA,NA,113457,113457,"Yes","Tubulin, alpha 3d","TUBA3D","Yes",NA,"TUBA3C","Yes","CDS","Yes",56,1,"Perfect",NA,"Homo sapiens","RefSeq","ILMN_30319","ILMN_30319","TUBA3D","NM_080386.1","NM_080386.1",NA,113457,58743305,"NM_080386.1","TUBA3D","NP_525125.1","ILMN_2215640","0003930132","S",1260,"AGTTCGATCTCATGTATGCCAAGCGGGCCTTTGTGCACTGGTACGTGGGC",2,"+","131956719-131956768","2q21.1d","Homo sapiens tubulin, alpha 3d (TUBA3D), mRNA.",NA,NA,NA,"H2-ALPHA","H2-ALPHA","ILMN_2215640",-0.0936429626614712,0.000438310326001072,-0.0341094238037491,0.000570982426917534,0.955829018277317,2.00211978727471e-08,1,0.686955886193377,0.999805057178742,0.000364859001435935,TRUE,TRUE,-3.27750369315149,0.0153408614100375,-2.38765966626244,-2.38765966626244,0.000364859001435935,FALSE,FALSE,TRUE
"ILMN_2215639","ILMN_30319","TCCCCTGCCACCCCCGGGATGGCTGCTTCCAAGTTGTTTGCAATTAAAGG",50,"RefSeq_S","61XlFVqOnn1C_.kPAo","chr2:131956912:131956961:+","chr2:131956912:131956961:+","Yes","chr2:131956912:131956961:+","Yes","2q21.1",NA,0,NA,"rs1052470(15) rs1052474(29)",NA,NA,"1-50 ||||||||||||||||||||||||||||||||||||||||||||||||||",50,100,100,"chr2:130665805:130665853:-","1-49 ||||||||||||||  |||||||||||| ||||||||||||||||||||",49,93.8775510204082,92,"NM_080386","1 of 1 (TUBA3D)","uc002tsu.1","1 of  ()","BC057810 AK292253 AK093116 AX747933","3 of 57 (TUBA3D)","5 X 5 5 6 6","ENST00000410028 ENST00000409047 ENST00000321253","3 of 4 (ENSG00000075886)","NM_080386","Yes","156564362 34784745 158257937 21751883",58743305,"No","CCDS33290.1","NP_525125.2","NP_525125.1","Yes","Q13748 Q13748",NA,NA,"NM_080386","Yes","No","1-50 ||||||||||||||||||||||||||||||||||||||||||||||||||",50,100,100,"NM_207312 uc002tqv.1 AK131043 BC057811","1-49 ||||||||||||||  |||||||||||| ||||||||||||||||||||",49,93.8775510204082,92,"TUBA3D","AX747933","ENSG00000075886","Hs.503749",NA,NA,113457,113457,"Yes","Tubulin, alpha 3d","TUBA3D","Yes",NA,"TUBA3E","Yes","3pUTR","Yes",56,2,"Perfect",NA,"Homo sapiens","RefSeq","ILMN_30319","ILMN_30319","TUBA3D","NM_080386.1","NM_080386.1",NA,113457,58743305,"NM_080386.1","TUBA3D","NP_525125.1","ILMN_2215639","0001240703","S",1453,"TCCCCTGCCACCCCCGGGATGGCTGCTTCCAAGTTGTTTGCAATTAAAGG",2,"+","131956912-131956961","2q21.1d","Homo sapiens tubulin, alpha 3d (TUBA3D), mRNA.",NA,NA,NA,"H2-ALPHA","H2-ALPHA","ILMN_2215639",-0.120016029702608,0.00389993472145877,-0.0463720018937697,0.00274316423472725,0.755336301311354,3.74867780362052e-07,0,0.784653713231297,0.999805057178742,0.00261352461214418,TRUE,TRUE,-4.20056103959128,0.136497715251057,-3.24604013256388,-3.24604013256388,0.00261352461214418,FALSE,FALSE,TRUE
"ILMN_1679482","ILMN_6156","AGATTGGTGCCCAACTGGATTTAAGGTGGGCATTAACTACCAGCCCCCCA",50,"RefSeq_A","ZI_uVB6PwrqTwcUlVQ","chr13:18649067:18649091:-,chr13:18646275:18646299:-","chr13:18649067:18649090:-","No","chr13:18646275:18649091:-","No","13q12.11",NA,0,NA,"rs1052350(1)",NA,NA,NA,NA,NA,NA,NA,NA,NA,NA,NA,"NM_006001","1 of 1 (TUBA3C)","uc001umc.1","1 of  ()","DQ895938 DQ892869 BC011721","1 of 1 (DQ895938)","1-2 X 2-3 2-3 2-3","ENST00000360801 ENST00000400113","2 of 2 (ENSG00000198033)","NM_006001","Yes","17921992 40226382",17921992,"Yes","CCDS9284.1","NP_005992.1","NP_005992.1","Yes","Q13748 Q13748",NA,NA,"NM_006001","Yes","Yes","1-50 ||||||||||||||||||||||||||||||||||||||||||||||||||",50,100,100,"NM_080386 NM_207312 uc002tsu.1 uc002tqv.1 BC057810 AK292253 AK131043 AK093116 AX747933 BC057811","2-50 ||||||||||| |||||||||||||||||||||||||||||||||||||",49,97.9591836734694,96,"TUBA3C","DQ895938 DQ892869","ENSG00000198033","Hs.349695",NA,NA,7278,7278,"Yes","Tubulin, alpha 3c","TUBA3C","Yes",NA,"TUBA3D","Yes","CDS","No",52,1,"Good",NA,"Homo sapiens","RefSeq","ILMN_6156","ILMN_177408","TUBA3C","NM_006001.1","NM_006001.1",NA,7278,17921992,"NM_006001.1","TUBA3C","NP_005992.1","ILMN_1679482","0000160348","A",1081,"AGATTGGTGCCCAACTGGATTTAAGGTGGGCATTAACTACCAGCCCCCCA",13,"-","18646274-18646299:18649067-18649090","13q12.11a","Homo sapiens tubulin, alpha 3c (TUBA3C), mRNA.","Any of the long, generally straight, hollow tubes of internal diameter 12-15 nm and external diameter 24 nm found in a wide variety of eukaryotic cells; each consists (usually) of 13 protofilaments of polymeric tubulin, staggered in such a manner that the tubulin monomers are arranged in a helical pattern on the microtubular surface, and with the alpha/beta axes of the tubulin subunits parallel to the long axis of the tubule; exist in equilibrium with pool of tubulin monomers and can be rapidly assembled or disassembled in response to physiological stimuli; concerned with force generation, e.g. in the spindle [goid 5874] [evidence NAS]; Any macromolecular complex composed of two or more polypeptide subunits, which may or may not be identical. Protein complexes may have other associated non-protein prosthetic groups, such as nucleotides, metal ions or carbohydrate groups [goid 43234] [evidence IEA]","Movement of organelles, other microtubules and other particles along microtubules, mediated by motor proteins [goid 7018] [evidence IEA]; The process of creating protein polymers, compounds composed of a large number of component monomers; polymeric proteins may be made up of different or identical monomers. Polymerization occurs by the addition of extra monomers to an existing poly- or oligomeric protein [goid 51258] [evidence IEA]","Interacting selectively with a nucleotide, any compound consisting of a nucleoside that is esterified with (ortho)phosphate or an oligophosphate at any hydroxyl group on the ribose or deoxyribose moiety [goid 166] [evidence IEA]; Catalysis of the reaction: GTP + H2O = GDP + phosphate [goid 3924] [evidence IEA]; The action of a molecule that contributes to the structural integrity of a complex or assembly within or outside a cell [goid 5198] [evidence IEA]; Interacting selectively with any protein or protein complex (a complex of two or more proteins that may include other nonprotein molecules) [goid 5515] [pmid 16189514] [evidence IPI]; Interacting selectively with GTP, guanosine triphosphate [goid 5525] [evidence NAS]","TUBA2; bA408E5.3","TUBA2; bA408E5.3","ILMN_1679482",-0.0558396527915731,0.00441782547394837,-0.0188198730772797,0.0013775542708167,0.19190530349974,7.94212668121345e-08,1,0.784653713231297,0.999805057178742,0.000775199216846521,TRUE,TRUE,-1.95438784770506,0.154623891588193,-1.31739111540958,-1.31739111540958,0.000775199216846521,FALSE,FALSE,FALSE
"ILMN_1799026","ILMN_13687","AATGTTTCCTGACTCCCAGGCCCCTACTATTCCAGGCCATCACACTGGCC",50,"RefSeq_S","lDv14dUpVxz1KU0R6U","chr4:138660923:138660972:-","chr4:138660922:138660971:-","No","chr4:138660923:138660972:-","Yes","4q28.3","MIRm_SINE_MIR",40,NA,NA,NA,NA,"1-50 ||||||||||||||||||||||||||||||||||||||||||||||||||",50,100,100,NA,NA,NA,NA,NA,"NM_019035","1 of 1 (PCDH18)","uc003ihg.1 uc003ihf.1 uc003ihe.1","3 of  ()","AB046782 BC071581 BC022227 BX647786","4 of 205 (PCDH18)","1 X X X X X X 1","ENST00000344876","1 of 2 (ENSG00000189184)","NM_019035","Yes","156630996 10047188 47938106 34783846 34366943",38788468,"No","CCDS34064.1","NP_061908.1","NP_061908.1","Yes","Q9HCL0",NA,NA,"NM_019035","Yes","No","1-50 ||||||||||||||||||||||||||||||||||||||||||||||||||",50,100,100,NA,NA,NA,NA,NA,"PCDH18",NA,"ENSG00000189184","Hs.591691",NA,NA,54510,54510,"Yes","Protocadherin 18","PCDH18","Yes",NA,NA,"Yes","3pUTR","Yes",56,0,"Bad",NA,"Homo sapiens","RefSeq","ILMN_13687","ILMN_13687","PCDH18","NM_019035.2","NM_019035.2",NA,54510,38788468,"NM_019035.2","PCDH18","NP_061908.1","ILMN_1799026","0006480753","S",4456,"AATGTTTCCTGACTCCCAGGCCCCTACTATTCCAGGCCATCACACTGGCC",4,"-","138660922-138660971","4q28.3i","Homo sapiens protocadherin 18 (PCDH18), mRNA.","The membrane surrounding a cell that separates the cell from its external environment. It consists of a phospholipid bilayer and associated proteins [goid 5886] [evidence IEA]; Penetrating at least one phospholipid bilayer of a membrane. May also refer to the state of being buried in the bilayer with no exposure outside the bilayer. When used to describe a protein, indicates that all or part of the peptide sequence is embedded in the membrane [goid 16021] [evidence IEA]","The attachment of a cell, either to another cell or to an underlying substrate such as the extracellular matrix, via cell adhesion molecules [goid 7155] [evidence IEA]; The attachment of an adhesion molecule in one cell to an identical molecule in an adjacent cell [goid 7156] [evidence IEA]; The process whose specific outcome is the progression of the brain over time, from its formation to the mature structure. The brain is one of the two components of the central nervous system and is the center of thought and emotion. It is responsible for the coordination and control of bodily activities and the interpretation of information from the senses (sight, hearing, smell, etc.) [goid 7420] [evidence ISS]","Interacting selectively with calcium ions (Ca2+) [goid 5509] [evidence IEA]; Interacting selectively with any protein or protein complex (a complex of two or more proteins that may include other nonprotein molecules) [goid 5515] [evidence ISS]","DKFZP434B0923; PCDH68L; KIAA1562","KIAA1562; DKFZP434B0923; PCDH68L","ILMN_1799026",-0.0193228825389152,-0.0175214542121107,-0.0199688378986415,0.143870805858135,0.00605008745711697,4.74477194571861e-08,1,0.876769430812793,0.873458299610762,0.000578897763167264,TRUE,TRUE,-0.676300888862031,-0.613250897423874,-1.39781865290491,-1.39781865290491,0.000578897763167264,FALSE,FALSE,FALSE
"ILMN_1685834","ILMN_2159","CGCTGTGGCTGGAGGTAGGCTAGTTGGGATGGGCAGCTAAGCAGTCTTCT",50,"RefSeq_A","WZ7p6KynL6jqScJLfc","chr7:38390069:38390118:-","chr7:38467408:38467457:-","No","chr7:38390069:38390118:-","Yes","7p14.1",NA,0,NA,NA,NA,NA,"1-50 ||||||||||||||||||||||||||||||||||||||||||||||||||",50,100,100,NA,NA,NA,NA,NA,"NM_001635 NM_139316","2 of 2 (AMPH)","uc003tgv.1 uc003tgu.1 uc003tgt.1","3 of 5 (AMPH)","X81438 BC034376 AF034996","3 of 275 (AMPH)","1 1 X X 1 1 1 1","ENST00000356264 ENST00000325590 ENST00000353242","3 of 3 (ENSG00000078053)","NM_001635","Yes","21536405 21536422 662991 21707929 2895527",21536405,"Yes","CCDS5456.1","NP_001626.1 NP_647477.1","NP_001626.1","Yes","P49418 P49418 P49418 P49418 P49418",NA,NA,"NM_001635","Yes","No","1-50 ||||||||||||||||||||||||||||||||||||||||||||||||||",50,100,100,NA,NA,NA,NA,NA,"AMPH",NA,"ENSG00000078053","Hs.592182",NA,NA,273,273,"Yes","Amphiphysin","AMPH","Yes",NA,NA,"Yes","3pUTR","Yes",58,0,"Perfect",NA,"Homo sapiens","RefSeq","ILMN_2159","ILMN_175048","AMPH","NM_001635.2","NM_001635.2",NA,273,21536405,"NM_001635.2","AMPH","NP_001626.1","ILMN_1685834","0000360402","A",2983,"CGCTGTGGCTGGAGGTAGGCTAGTTGGGATGGGCAGCTAAGCAGTCTTCT",7,"-","38467408-38467457","7p14.1e","Homo sapiens amphiphysin (AMPH), transcript variant 1, mRNA.","Secretory organelles, some 50 nm in diameter, of presynaptic nerve terminals; accumulate high concentrations of neurotransmitters and secrete these into the synaptic cleft by fusion with the 'active zone' of the presynaptic plasma membrane [goid 8021] [evidence IEA]; All of the contents of a cell excluding the plasma membrane and nucleus, but including other subcellular structures [goid 5737] [evidence IEA]; Secretory organelles, some 50 nm in diameter, of presynaptic nerve terminals; accumulate high concentrations of neurotransmitters and secrete these into the synaptic cleft by fusion with the 'active zone' of the presynaptic plasma membrane [goid 8021] [pmid 1628617] [evidence TAS]; The part of the cytoskeleton (the internal framework of a cell) composed of actin and associated proteins. Includes actin cytoskeleton-associated complexes [goid 15629] [pmid 9182667] [evidence TAS]; Double layer of lipid molecules that encloses all cells, and, in eukaryotes, many organelles; may be a single or double lipid bilayer; also includes associated proteins [goid 16020] [evidence IEA]; A specialized region of connection between two cells or between a cell and the extracellular matrix [goid 30054] [evidence IEA]; A vesicle formed of membrane or protein, found in the cytoplasm of a cell [goid 31410] [evidence IEA]; The junction between a nerve fiber of one neuron and another neuron or muscle fiber or glial cell; the site of interneuronal communication. As the nerve fiber approaches the synapse it enlarges into a specialized structure, the presynaptic nerve ending, which contains mitochondria and synaptic vesicles. At the tip of the nerve ending is the presynaptic membrane; facing it, and separated from it by a minute cleft (the synaptic cleft) is a specialized area of membrane on the receiving cell, known as the postsynaptic membrane. In response to the arrival of nerve impulses, the presynaptic nerve ending secretes molecules of neurotransmitters into the synaptic cleft. These diffuse across the cleft and transmit the signal to the postsynaptic membrane [goid 45202] [evidence IEA]","Any process in an organism in which a relatively long-lasting adaptive behavioral change occurs as the result of experience [goid 7612] [evidence IEA]; Invagination of the axonal plasma membrane creating a membrane-bounded vesicle. Without this process the presynaptic terminal would swell up due to fusion of vesicle membranes during neurotransmitter release. The vesicles created may subsequently be used for neurotransmitter storage/release [goid 48488] [evidence IEA]; A type of vesicle-mediated transport in which cells take up external materials or membrane constituents by the invagination of small region of the plasma membrane to form a new membrane-bounded vesicle [goid 6897] [pmid 9182667] [evidence TAS]; The process of communication from a neuron to a target (neuron, muscle, or secretory cell) across a synapse [goid 7268] [pmid 9182667] [evidence TAS]","Interacting selectively with any protein or protein complex (a complex of two or more proteins that may include other nonprotein molecules) [goid 5515] [evidence IEA]","AMPH1","AMPH1","ILMN_1685834",-0.0657032391211631,-0.00140402072140167,-0.0269992052711536,0.00975837178484918,0.862168921172295,2.63103548306139e-06,0,0.809500792678574,0.999805057178742,0.0098771095907573,TRUE,TRUE,-2.29961336924071,-0.0491407252490586,-1.88994436898075,-1.88994436898075,0.0098771095907573,FALSE,FALSE,FALSE
"ILMN_2138801","ILMN_171409","AGCGAGGCACCCTTACTGGCTTACCTCCTCATGGCAGCCTACTCTCCTTG",50,"RefSeq_S","3JikV8enxddOklx3X4","chr3:191097228:191097277:+","chr3:191097228:191097277:+","Yes","chr3:191097228:191097277:+","Yes","3q28",NA,0,NA,NA,NA,NA,"1-50 ||||||||||||||||||||||||||||||||||||||||||||||||||",50,100,100,NA,NA,NA,NA,NA,"NM_001114981 NM_001114980 NM_001114978 NM_003722","4 of 6 (TP63)","uc003fsd.1 uc003fsc.1 uc003frz.1 uc003fry.1","4 of  ()","Y16961 AF091627 BC039815","3 of 181 (TP63)","11 12 13 14 X X X X X X 14","ENST00000392460 ENST00000392461 ENST00000354600 ENST00000382063 ENST00000264731","5 of 7 (ENSG00000073282)","NM_003722","Yes","169234662 169234660 169234656 169234655 3970716 3644039 24980976",31543817,"No","CCDS3293.1","NP_001108453.1 NP_001108452.1 NP_001108450.1 NP_003713.3","NP_003713.3","Yes","Q9UBV9 Q9UBV9 Q9UBV9 Q9UBV9 Q9UBV9 Q9UBV9 Q9UBV9",NA,NA,"NM_001114978","Yes","No","1-50 ||||||||||||||||||||||||||||||||||||||||||||||||||",50,100,100,NA,NA,NA,NA,NA,"TP63",NA,"ENSG00000073282","Hs.137569",NA,NA,8626,8626,"Yes","Tumor protein p63","TP73L","No",NA,NA,"Yes","3pUTR","Yes",58,0,"Perfect",NA,"Homo sapiens","RefSeq","ILMN_171409","ILMN_171409","TP73L","NM_003722.3","NM_003722.3",NA,8626,31543817,"NM_003722.3","TP73L","NP_003713.3","ILMN_2138801","0006060131","S",4375,"AGCGAGGCACCCTTACTGGCTTACCTCCTCATGGCAGCCTACTCTCCTTG",3,"+","191097228-191097277","3q28b","Homo sapiens tumor protein p73-like (TP73L), mRNA.",NA,NA,NA,"TP63; EEC3; p63; B(p51B); p73H; p51; SHFM4; OFC8; RHS; KET; B(p51A); LMS; p73L","TP63; EEC3; p63; B(p51B); p73H; p51; SHFM4; OFC8; RHS; KET; B(p51A); LMS; p73L","ILMN_2138801",-0.0272349449604381,-0.00998482716486367,-0.0149319885653133,0.0369880247281638,0.0376123029026619,1.3732274620897e-06,0,0.851236023792166,0.937193653004477,0.00670176198323635,TRUE,TRUE,-0.953223073615334,-0.349468950770229,-1.04523919957193,-1.04523919957193,0.00670176198323635,TRUE,FALSE,FALSE
"ILMN_1737650","ILMN_21050","CGCCCGAAGAGGGAGACAGAGATGTGCAGAGTTGACCAGTGTGCGGATGA",50,"RefSeq_A","fZWCKiEiO5IvhS7mjg","chr14:79733927:79733976:-","chr14:79733926:79733975:-","No","chr14:79733927:79733976:-","Yes","14q31.1",NA,0,NA,NA,NA,NA,"1-50 ||||||||||||||||||||||||||||||||||||||||||||||||||",50,100,100,NA,NA,NA,NA,NA,"NM_001007023 NM_013989 NM_000793","3 of 3 (DIO2)","uc001xuv.1 uc001xuu.1 uc001xut.1 uc001xus.1","4 of 6 (DIO2)","AF007144 DR978510*","1 of 211 (DIO2)","1 1 1 X X 1 X X X",NA,NA,"NM_001007023","Yes","148277092 148277091 148277090 2852621",148277092,"Yes",NA,"NP_001007024.1 NP_054644.1 NP_000784.2","NP_001007024.1","Yes","Q92813 Q92813 Q92813",NA,NA,"NM_000793","Yes","No","1-50 ||||||||||||||||||||||||||||||||||||||||||||||||||",50,100,100,"AF093774","3-50 |||||||||||||||||||||||| ||||||||| |||||||||||||||",50,96,88.4736,"DIO2",NA,NA,"Hs.202354",NA,NA,1734,1734,"Yes","Deiodinase, iodothyronine, type II","DIO2","Yes",NA,NA,"Yes","3pUTR","Yes",58,0,"Perfect","* Transcript match to reverse strand","Homo sapiens","RefSeq","ILMN_21050","ILMN_21050","DIO2","NM_001007023.2","NM_001007023.2",NA,1734,148277092,"NM_001007023.2","DIO2","NP_001007024.1","ILMN_1737650","0002190326","A",5767,"CGCCCGAAGAGGGAGACAGAGATGTGCAGAGTTGACCAGTGTGCGGATGA",14,"-","79733926-79733975","14q31.1b","Homo sapiens deiodinase, iodothyronine, type II (DIO2), transcript variant 3, mRNA.","Double layer of lipid molecules that encloses all cells, and, in eukaryotes, many organelles; may be a single or double lipid bilayer; also includes associated proteins [goid 16020] [pmid 9837913] [evidence IC ]; Penetrating at least one phospholipid bilayer of a membrane. May also refer to the state of being buried in the bilayer with no exposure outside the bilayer. When used to describe a protein, indicates that all or part of the peptide sequence is embedded in the membrane [goid 16021] [evidence IEA]","The incorporation of selenocysteine into a peptide; uses a special tRNA that recognizes the UGA codon as selenocysteine, rather than as a termination codon. Selenocysteine is synthesized from serine before its incorporation, it is not a posttranslational modification of peptidyl-cysteine [goid 1514] [pmid 9837913] [evidence NAS]; The formation of either of the compounds secreted by the thyroid gland, mainly thyroxine and triiodothyronine. This is achieved by the iodination and joining of tyrosine molecules to form the precursor thyroglobin, proteolysis of this precursor gives rise to the thyroid hormones [goid 6590] [pmid 9837913] [evidence TAS]; The chemical reactions and pathways resulting in the breakdown of any of the compounds secreted by the thyroid gland, largely thyroxine and triiodothyronine [goid 42404] [evidence IEA]; The chemical reactions and pathways resulting in the formation of any hormone, naturally occurring substances secreted by specialized cells that affects the metabolism or behavior of other cells possessing functional receptors for the hormone [goid 42446] [evidence IEA]; The process of removal or addition of one or more electrons with or without the concomitant removal or addition of a proton or protons [goid 55114] [evidence IEA]","Catalysis of the reaction: 3,5,3'-L-triiodo-L-thyronine + iodide + acceptor + H+ = L-thyroxine + donor-H2 [goid 4800] [pmid 9837913] [evidence TAS]; Interacting selectively with selenium (Se) [goid 8430] [pmid 9837913] [evidence IC ]","D2; 5DII; SelY; TXDI2","D2; 5DII; SelY; TXDI2","ILMN_1737650",-0.050390360328319,-0.023049346712638,-0.0286593818319185,0.0115974668071117,0.020452738411139,3.14979852673861e-07,0,0.812183498502576,0.919936308341471,0.00256199362500707,TRUE,TRUE,-1.76366261149116,-0.806727134942331,-2.0061567282343,-2.0061567282343,0.00256199362500707,FALSE,FALSE,FALSE
"ILMN_2089329","ILMN_19344","GCCCCTTTTATGAGGATGTGATAGTTGCTGCAAATGAGGGGTTACAGATG",50,"RefSeq_S","clX.OKO4y_eQOKrxI4","chr13:79808159:79808208:-","chr13:79808158:79808207:-","No","chr13:79808159:79808208:-","Yes","13q31.1",NA,0,NA,NA,NA,NA,"1-50 ||||||||||||||||||||||||||||||||||||||||||||||||||",50,100,100,NA,NA,NA,NA,NA,"NM_005842","1 of 1 (SPRY2)","uc001vlj.1 uc001vli.1","2 of 3 (SPRY2)","BC015745 AF039843 AL713749 AA992879* BX648582","4 of 165 (SPRY2)","1 X 1 1 1 1 X 1","ENST00000377104 ENST00000377102","2 of 2 (ENSG00000136158)","NM_005842","Yes","22209007 16041733 2809399 19584489 34367744",22209007,"Yes","CCDS9463.1","NP_005833.1","NP_005833.1","Yes","O43597 O43597 O43597 O43597",NA,NA,"NM_005842","Yes","No","1-50 ||||||||||||||||||||||||||||||||||||||||||||||||||",50,100,100,NA,NA,NA,NA,NA,"SPRY2",NA,"ENSG00000136158","Hs.18676",NA,NA,10253,10253,"Yes","Sprouty homolog 2 (Drosophila)","SPRY2","Yes",NA,NA,"Yes","3pUTR","Yes",46,0,"Perfect","* Transcript match to reverse strand","Homo sapiens","RefSeq","ILMN_19344","ILMN_19344","SPRY2","NM_005842.2","NM_005842.2",NA,10253,22209007,"NM_005842.2","SPRY2","NP_005833.1","ILMN_2089329","0006590575","S",2015,"GCCCCTTTTATGAGGATGTGATAGTTGCTGCAAATGAGGGGTTACAGATG",13,"-","79808158-79808207","13q31.1b","Homo sapiens sprouty homolog 2 (Drosophila) (SPRY2), mRNA.","All of the contents of a cell excluding the plasma membrane and nucleus, but including other subcellular structures [goid 5737] [evidence IEA]; That part of the cytoplasm that does not contain membranous or particulate subcellular components [goid 5829] [pmid 12593796] [evidence EXP]; Any of the long, generally straight, hollow tubes of internal diameter 12-15 nm and external diameter 24 nm found in a wide variety of eukaryotic cells; each consists (usually) of 13 protofilaments of polymeric tubulin, staggered in such a manner that the tubulin monomers are arranged in a helical pattern on the microtubular surface, and with the alpha/beta axes of the tubulin subunits parallel to the long axis of the tubule; exist in equilibrium with pool of tubulin monomers and can be rapidly assembled or disassembled in response to physiological stimuli; concerned with force generation, e.g. in the spindle [goid 5874] [evidence IEA]; The membrane surrounding a cell that separates the cell from its external environment. It consists of a phospholipid bilayer and associated proteins [goid 5886] [evidence IEA]; The membrane surrounding a cell that separates the cell from its external environment. It consists of a phospholipid bilayer and associated proteins [goid 5886] [pmid 15962011] [evidence EXP]","Any process that mediates the transfer of information from one cell to another [goid 7267] [pmid 9458049] [evidence TAS]; The biological process whose specific outcome is the progression of a multicellular organism over time from an initial condition (e.g. a zygote or a young adult) to a later condition (e.g. a multicellular animal or an aged adult) [goid 7275] [evidence IEA]; The series of events required for an organism to receive an auditory stimulus, convert it to a molecular signal, and recognize and characterize the signal. Sonic stimuli are detected in the form of vibrations and are processed to form a sound [goid 7605] [evidence IEA]; Morphogenesis of an organ. An organ is defined as a tissue or set of tissues that work together to perform a specific function or functions. Morphogenesis is the process by which anatomical structures are generated and organized. Organs are commonly observed as visibly distinct structures, but may also exist as loosely associated clusters of cells that work together to perform a specific function or functions [goid 9887] [pmid 9458049] [evidence TAS]; Any process that modulates the frequency, rate or extent of signal transduction [goid 9966] [evidence IEA]; The process whose specific outcome is the progression of the lung over time, from its formation to the mature structure. In all air-breathing vertebrates the lungs are developed from the ventral wall of the oesophagus as a pouch which divides into two sacs. In amphibians and many reptiles the lungs retain very nearly this primitive sac-like character, but in the higher forms the connection with the oesophagus becomes elongated into the windpipe and the inner walls of the sacs become more and more divided, until, in the mammals, the air spaces become minutely divided into tubes ending in small air cells, in the walls of which the blood circulates in a fine network of capillaries. In mammals the lungs are more or less divided into lobes, and each lung occupies a separate cavity in the thorax [goid 30324] [evidence IEA]; The process by which the anatomical structures of the inner ear are generated and organized. Morphogenesis pertains to the creation of form. The inner ear is the structure in vertebrates that contains the organs of balance and hearing. It consists of soft hollow sensory structures (the membranous labyrinth) containing fluid (endolymph) surrounded by fluid (perilymph) and encased in a bony cavity (the bony labyrinth). It consists of two chambers, the sacculus and utriculus, from which arise the cochlea and semicircular canals respectively [goid 42472] [evidence IEA]; Any process that stops, prevents or reduces the frequency, rate or extent of MAP kinase activity [goid 43407] [evidence IEA]; The commitment of cells to specific cell fates and their capacity to differentiate into particular kinds of cells. Positional information is established through protein signals that emanate from a localized source within a cell (the initial one-cell zygote) or within a developmental field [goid 45165] [evidence IEA]; The process by which the anatomical structures of branches in a tube are generated and organized. Morphogenesis pertains to the creation of form. A tube is a long hollow cylinder [goid 48754] [evidence IEA]","Interacting selectively with any protein or protein complex (a complex of two or more proteins that may include other nonprotein molecules) [goid 5515] [evidence IEA]","hSPRY2; MGC23039","hSPRY2; MGC23039","ILMN_2089329",-0.0201432218187095,-0.0121637445376726,-0.0156612903020708,0.0984209708778741,0.0202453832147785,5.85055265354186e-07,0,0.866434168729079,0.919936308341471,0.00356905651438504,TRUE,TRUE,-0.705012763654834,-0.425731058818542,-1.09629032114495,-1.09629032114495,0.00356905651438504,FALSE,TRUE,TRUE
"ILMN_1652464","ILMN_25380","GGTCCCCAAAGACGTCAATGCGGCCATCGCCACCATCAAGACCAAGCGCA",50,"RefSeq_S","ZrVQIbQ5pTZRTQhQmQ","chr2:130667867:130667916:-","chr2:130667866:130667915:-","No","chr2:130667867:130667916:-","Yes","2q21.1",NA,0,NA,NA,NA,NA,"1-50 ||||||||||||||||||||||||||||||||||||||||||||||||||",50,100,100,"chr2:131954705:131954754:+","1-50 |||||||||||||||||| |||||||||||||||||||||||||||||||",50,98,98,"NM_207312","1 of 1 (TUBA3E)","uc002tqv.1","1 of 1 (TUBA3E)","AK131043 BC057811","2 of 52 (TUBA3E)","2 X 2 2","ENST00000312988","1 of 1 (ENSG00000152086)","NM_207312","Yes","156523257 34528295 34785522",46409269,"No","CCDS2158.1","NP_997195.1","NP_997195.1","Yes","Q6PEY2 Q6PEY2",NA,NA,"NM_207312","Yes","No","1-50 ||||||||||||||||||||||||||||||||||||||||||||||||||",50,100,100,"XR_038298 NM_080386 uc002tsu.1 BC057810 AK292253","1-50 |||||||||||||||||| |||||||||||||||||||||||||||||||",50,98,98,"TUBA3E",NA,"ENSG00000152086","Hs.433336",NA,NA,112714,112714,"Yes","Tubulin, alpha 3e","TUBA3E","Yes",NA,"TUBA3D","Yes","CDS","Yes",60,0,"Perfect",NA,"Homo sapiens","RefSeq","ILMN_25380","ILMN_25380","TUBA3E","NM_207312.1","NM_207312.1",NA,112714,46409269,"NM_207312.1","TUBA3E","NP_997195.1","ILMN_1652464","0004040475","S",1070,"GGTCCCCAAAGACGTCAATGCGGCCATCGCCACCATCAAGACCAAGCGCA",2,"-","130667866-130667915","2q21.1b","Homo sapiens tubulin, alpha 3e (TUBA3E), mRNA.","Any of the long, generally straight, hollow tubes of internal diameter 12-15 nm and external diameter 24 nm found in a wide variety of eukaryotic cells; each consists (usually) of 13 protofilaments of polymeric tubulin, staggered in such a manner that the tubulin monomers are arranged in a helical pattern on the microtubular surface, and with the alpha/beta axes of the tubulin subunits parallel to the long axis of the tubule; exist in equilibrium with pool of tubulin monomers and can be rapidly assembled or disassembled in response to physiological stimuli; concerned with force generation, e.g. in the spindle [goid 5874] [evidence IEA]; Any macromolecular complex composed of two or more polypeptide subunits, which may or may not be identical. Protein complexes may have other associated non-protein prosthetic groups, such as nucleotides, metal ions or carbohydrate groups [goid 43234] [evidence IEA]","Movement of organelles, other microtubules and other particles along microtubules, mediated by motor proteins [goid 7018] [evidence IEA]; The process of creating protein polymers, compounds composed of a large number of component monomers; polymeric proteins may be made up of different or identical monomers. Polymerization occurs by the addition of extra monomers to an existing poly- or oligomeric protein [goid 51258] [evidence IEA]","Interacting selectively with a nucleotide, any compound consisting of a nucleoside that is esterified with (ortho)phosphate or an oligophosphate at any hydroxyl group on the ribose or deoxyribose moiety [goid 166] [evidence IEA]; Catalysis of the reaction: GTP + H2O = GDP + phosphate [goid 3924] [evidence IEA]; The action of a molecule that contributes to the structural integrity of a complex or assembly within or outside a cell [goid 5198] [evidence IEA]; Interacting selectively with GTP, guanosine triphosphate [goid 5525] [evidence IEA]",NA,NA,"ILMN_1652464",-0.0764998137367182,0.0022261716315416,-0.0270366075362104,0.00078653038545633,0.690895965255056,2.24284778457842e-08,1,0.741292905180385,0.999805057178742,0.000364859001435935,TRUE,TRUE,-2.67749348078514,0.0779160071039561,-1.89256252753473,-1.89256252753473,0.000364859001435935,FALSE,FALSE,TRUE
"ILMN_1688892","ILMN_6835","AGATCCCCTTCCCACCTGCCAGCACTCAAGAGCCACTACACCTTGGAGGT",50,"RefSeq_A","ZI1X1ReUkdCJRxF_is","chr18:19787015:19787064:+","chr18:19787015:19787064:+","Yes","chr18:19787015:19787064:+","Yes","18q11.2",NA,0,NA,NA,NA,NA,"1-50 ||||||||||||||||||||||||||||||||||||||||||||||||||",50,100,100,NA,NA,NA,NA,NA,"NM_000227 NM_198129","2 of 4 (LAMA3)","uc002kut.1 uc002kus.1 uc002kur.1 uc002kuq.1","4 of 5 (LAMA3)","X84900 L34155 BC043618 AY327116 AY327115 AY327114 AB208853","7 of 254 (LAMA3)","X 74 X X 73 X 39 37 31 73 74 36 29","ENST00000269217 ENST00000313654","2 of 3 (ENSG00000053747)","NM_198129","Yes","189217423 38045909 5777580 551596 28175597 34452238 34452236 34452234 62087285",38045909,"Yes","CCDS11880.1 CCDS42419.1","NP_000218.2 NP_937762.1","NP_937762.1","Yes","Q16787 Q16787 Q16787 Q16787 Q16787",NA,NA,"NM_000227","Yes","No","1-50 ||||||||||||||||||||||||||||||||||||||||||||||||||",50,100,100,NA,NA,NA,NA,NA,"LAMA3",NA,"ENSG00000053747","Hs.436367",NA,NA,3909,3909,"Yes","Laminin, alpha 3","LAMA3","Yes",NA,NA,"Yes","CDS","Yes",58,0,"Perfect",NA,"Homo sapiens","RefSeq","ILMN_6835","ILMN_6835","LAMA3","NM_198129.1","NM_198129.1",NA,3909,38045909,"NM_198129.1","LAMA3","NP_937762.1","ILMN_1688892","0002650612","A",9886,"AGATCCCCTTCCCACCTGCCAGCACTCAAGAGCCACTACACCTTGGAGGT",18,"+","19787015-19787064","18q11.2b-q11.2c","Homo sapiens laminin, alpha 3 (LAMA3), transcript variant 1, mRNA.","A thin layer of dense material found in various animal tissues interposed between the cells and the adjacent connective tissue. It consists of the basal lamina plus an associated layer of reticulin fibers [goid 5604] [evidence IEA]; A laminin complex composed of alpha1, beta1 and gamma1 polypeptide chains [goid 5606] [evidence IEA]; A thin layer of dense material found in various animal tissues interposed between the cells and the adjacent connective tissue. It consists of the basal lamina plus an associated layer of reticulin fibers [goid 5604] [evidence IEA]; A laminin complex composed of alpha1, beta1 and gamma1 polypeptide chains [goid 5606] [evidence IEA]; The space external to the outermost structure of a cell. For cells without external protective or external encapsulating structures this refers to space outside of the plasma membrane. This term covers the host cell environment outside an intracellular parasite [goid 5576] [evidence IEA]; A thin layer of dense material found in various animal tissues interposed between the cells and the adjacent connective tissue. It consists of the basal lamina plus an associated layer of reticulin fibers [goid 5604] [pmid 8586427] [evidence TAS]; A laminin complex composed of alpha1, beta1 and gamma1 polypeptide chains [goid 5606] [evidence IEA]","Any process that modulates the frequency, rate or extent of attachment of a cell to another cell or to the extracellular matrix [goid 30155] [evidence IEA]; Any process that modulates the frequency, rate or extent of cell migration [goid 30334] [evidence IEA]; Any process that modulates the frequency, rate or extent of embryonic development [goid 45995] [evidence IEA]; Any process that modulates the frequency, rate or extent of attachment of a cell to another cell or to the extracellular matrix [goid 30155] [evidence IEA]; Any process that modulates the frequency, rate or extent of cell migration [goid 30334] [evidence IEA]; Any process that modulates the frequency, rate or extent of embryonic development [goid 45995] [evidence IEA]; The process whose specific outcome is the progression of the epidermis over time, from its formation to the mature structure. The epidermis is the outer epithelial layer of a plant or animal, it may be a single layer that produces an extracellular material (e.g. the cuticle of arthropods) or a complex stratified squamous epithelium, as in the case of many vertebrate species [goid 8544] [pmid 8586427] [evidence TAS]; Any process that modulates the frequency, rate or extent of attachment of a cell to another cell or to the extracellular matrix [goid 30155] [evidence IEA]; Any process that modulates the frequency, rate or extent of cell migration [goid 30334] [evidence IEA]; Any process that modulates the frequency, rate or extent of embryonic development [goid 45995] [evidence IEA]","Interacting selectively with one or more specific sites on a receptor molecule, a macromolecule that undergoes combination with a hormone, neurotransmitter, drug or intracellular messenger to initiate a change in cell function [goid 5102] [evidence IEA]; Interacting selectively with one or more specific sites on a receptor molecule, a macromolecule that undergoes combination with a hormone, neurotransmitter, drug or intracellular messenger to initiate a change in cell function [goid 5102] [evidence IEA]; Interacting selectively with one or more specific sites on a receptor molecule, a macromolecule that undergoes combination with a hormone, neurotransmitter, drug or intracellular messenger to initiate a change in cell function [goid 5102] [evidence IEA]; The action of a molecule that contributes to the structural integrity of a complex or assembly within or outside a cell [goid 5198] [pmid 8586427] [evidence NAS]","LOCS; E170; lama3a; LAMNA","LOCS; lama3a; LAMNA; E170","ILMN_1688892",-0.0301081513923331,-0.0188708288477841,-0.0224100182060084,0.0553345776978724,0.0307320230592468,2.13577471516445e-06,0,0.854073815472419,0.927070898882371,0.00868601778534756,TRUE,TRUE,-1.05378529873166,-0.660479009672444,-1.56870127442059,-1.56870127442059,0.00868601778534756,TRUE,FALSE,FALSE
"ILMN_1705153","ILMN_9306","GGTCAAGCCCTTGCCCAGAGCTCTCTATTCTGGAAGAGCGGTCCAGGTGG",50,"RefSeq_S","NrQlflSJ3c96CJrUro","chr22:28217129:28217178:+","chr22:28217129:28217178:+","Yes","chr22:28217129:28217178:+","Yes","22q12.2",NA,0,NA,NA,NA,NA,"1-50 ||||||||||||||||||||||||||||||||||||||||||||||||||",50,100,100,"chr20:40058695:40058744:- chr1:117083654:117083703:-","1-50 ||||||||||||||||||||||||||||||| ||||||| | ||||||||",50,94,94,"NM_021076","1 of 1 (NEFH)","uc003afp.1 uc003afo.1","2 of 1 (NEFH)","BC073969 BC008648 AF203032 AK129568 AI696135* AB020652","4 of 222 (NEFH)","X X X X X X X X X","ENST00000310624","1 of 2 (ENSG00000100285)","NM_021076","Yes","196162718 49522838 14250425 6470330 34526134 27529741",32483415,"No","CCDS13858.1","NP_066554.2","NP_066554.2","Yes","P12036 P12036 P12036 P12036",NA,NA,"NM_021076","Yes","No","1-50 ||||||||||||||||||||||||||||||||||||||||||||||||||",50,100,100,"AI240169*","1-50 ||||||||||||||||||||  |||||||||||||||| |||||||||||",50,94,94,"NEFH",NA,"ENSG00000100285","Hs.198760",NA,NA,4744,4744,"Yes","Neurofilament, heavy polypeptide","NEFH","No",NA,NA,"Yes","3pUTR","Yes",60,0,"Perfect","* Transcript match to reverse strand","Homo sapiens","RefSeq","ILMN_9306","ILMN_9306","NEFH","NM_021076.2","NM_021076.2",NA,4744,32483415,"NM_021076.2","NEFH","NP_066554.2","ILMN_1705153","0001190719","S",3533,"GGTCAAGCCCTTGCCCAGAGCTCTCTATTCTGGAAGAGCGGTCCAGGTGG",22,"+","28217129-28217178","22q12.2a","Homo sapiens neurofilament, heavy polypeptide 200kDa (NEFH), mRNA.","A semiautonomous, self replicating organelle that occurs in varying numbers, shapes, and sizes in the cytoplasm of virtually all eukaryotic cells. It is notably the site of tissue respiration [goid 5739] [evidence IEA]; A type of intermediate filament found in the core of neuronal axons. Neurofilaments are heteropolymers composed of three type IV polypeptides: NF-L, NF-M, and NF-H (for low, middle, and high molecular weight). Neurofilaments are responsible for the radial growth of an axon and determine axonal diameter [goid 5883] [pmid 3138108] [evidence NAS]; The long process of a neuron that conducts nerve impulses, usually away from the cell body to the terminals and varicosities, which are sites of storage and release of neurotransmitter [goid 30424] [pmid 14662745] [evidence TAS]","A process that is carried out at the cellular level which results in the formation, arrangement of constituent parts, or disassembly of cytoskeletal structures comprising microtubules and their associated proteins [goid 226] [evidence IEA]; The process whose specific outcome is the progression of nervous tissue over time, from its formation to its mature state [goid 7399] [evidence NAS]; The formation of the bundles of intermediate filaments, known as tonofilaments. Intermediate filament-associated proteins (IFAPs) cross-link intermediate filaments with one another, forming a bundle or a network, and with other cell structures, including the plasma membrane. The organization of intermediate filaments and their supportive function in various cells types depends in large part on their linkage to other cell structures via IFAPs [goid 45110] [evidence IEA]; A process that is carried out at the cellular level which results in the formation, arrangement of constituent parts, or disassembly of cytoskeletal structures comprising neurofilaments and their associated proteins [goid 60052] [evidence IEA]","The action of a molecule that contributes to the structural integrity of a complex or assembly within or outside a cell [goid 5198] [evidence IEA]","NFH","NFH","ILMN_1705153",-0.0120290006241141,-0.00589203380117099,-0.0144671511950681,0.383679702755622,0.162211345737223,2.12050852393243e-06,0,0.920726472411957,0.994257781108428,0.00868601778534756,TRUE,TRUE,-0.421015021843994,-0.206221183040985,-1.01270058365477,-1.01270058365477,0.00868601778534756,FALSE,FALSE,FALSE
"ILMN_2229877","ILMN_179371","TTTATTGTGCTGTGATCTCTCTGTGTGGAATGCCTTGGTGAGAGAGATGC",50,"RefSeq_S","K.Pue43d7ug5friIjk","chr4:138660431:138660480:-","chr4:138660430:138660479:-","No","chr4:138660431:138660480:-","Yes","4q28.3",NA,0,NA,NA,NA,NA,"1-50 ||||||||||||||||||||||||||||||||||||||||||||||||||",50,100,100,NA,NA,NA,NA,NA,"NM_019035","1 of 1 (PCDH18)","uc003ihg.1 uc003ihf.1 uc003ihe.1","3 of  ()","AB046782 BC071581 BC022227 BX647786  AA961517*","4 of 205 (PCDH18)","1 X X X X X X 1 X X","ENST00000344876","1 of 2 (ENSG00000189184)","NM_019035","Yes","156630996 10047188 47938106 34783846 34366943",38788468,"No","CCDS34064.1","NP_061908.1","NP_061908.1","Yes","Q9HCL0",NA,NA,"NM_019035","Yes","No","1-50 ||||||||||||||||||||||||||||||||||||||||||||||||||",50,100,100,NA,NA,NA,NA,NA,"PCDH18",NA,"ENSG00000189184","Hs.591691",NA,NA,54510,54510,"Yes","Protocadherin 18","PCDH18","Yes",NA,NA,"Yes","3pUTR","Yes",46,0,"Perfect","* Transcript match to reverse strand","Homo sapiens","RefSeq","ILMN_179371","ILMN_179371","PCDH18","NM_019035.2","NM_019035.2",NA,54510,38788468,"NM_019035.2","PCDH18","NP_061908.1","ILMN_2229877","0005960762","S",4948,"TTTATTGTGCTGTGATCTCTCTGTGTGGAATGCCTTGGTGAGAGAGATGC",4,"-","138660430-138660479","4q28.3i","Homo sapiens protocadherin 18 (PCDH18), mRNA.","The membrane surrounding a cell that separates the cell from its external environment. It consists of a phospholipid bilayer and associated proteins [goid 5886] [evidence IEA]; Penetrating at least one phospholipid bilayer of a membrane. May also refer to the state of being buried in the bilayer with no exposure outside the bilayer. When used to describe a protein, indicates that all or part of the peptide sequence is embedded in the membrane [goid 16021] [evidence IEA]","The attachment of a cell, either to another cell or to an underlying substrate such as the extracellular matrix, via cell adhesion molecules [goid 7155] [evidence IEA]; The attachment of an adhesion molecule in one cell to an identical molecule in an adjacent cell [goid 7156] [evidence IEA]; The process whose specific outcome is the progression of the brain over time, from its formation to the mature structure. The brain is one of the two components of the central nervous system and is the center of thought and emotion. It is responsible for the coordination and control of bodily activities and the interpretation of information from the senses (sight, hearing, smell, etc.) [goid 7420] [evidence ISS]","Interacting selectively with calcium ions (Ca2+) [goid 5509] [evidence IEA]; Interacting selectively with any protein or protein complex (a complex of two or more proteins that may include other nonprotein molecules) [goid 5515] [evidence ISS]","DKFZP434B0923; PCDH68L; KIAA1562","DKFZP434B0923; PCDH68L; KIAA1562","ILMN_2229877",-0.0194205411323041,-0.0208422096548713,-0.0232682377197541,0.189980323967443,0.0032826763896014,1.25978984791613e-08,1,0.888548263937016,0.797713742105932,0.000364859001435935,TRUE,TRUE,-0.679718939630643,-0.729477337920497,-1.62877664038278,-1.62877664038278,0.000364859001435935,FALSE,FALSE,FALSE
